ident,icao_id,name,servcity,state,lat,lon,elevation,n_runways,longest_runway_ft,n_runways_over_7000ft,global_id
BHM,KBHM,Birmingham-Shuttlesworth Intl,BIRMINGHAM,AL,33.56388888888888,-86.75230555555555,650.0,2,12007,2,8F28B39E-5E4B-4983-9CFB-53F85005C2F5
DHN,KDHN,Dothan Rgnl,DOTHAN,AL,31.321018055555555,-85.4494775,400.8,2,8500,1,5EA354CC-6A09-40D2-A5B6-7A6E9F8785B8
ANB,KANB,Anniston Rgnl,ANNISTON,AL,33.588170000000005,-85.858115,612.1,1,7002,1,D123732E-BD65-4CA9-811B-172941EA146A
HSV,KHSV,Huntsville Intl-Carl T Jones Fld,HUNTSVILLE,AL,34.63719694444445,-86.77505416666666,628.9,2,12600,2,B6BDE0BE-A205-4E67-A9A7-934A125402AA
BFM,KBFM,Mobile Intl,MOBILE,AL,30.626780555555555,-88.06809083333333,26.2,2,9618,2,8704B60B-6076-489E-8168-35AC9D94C0C5
SEM,KSEM,Craig Fld,SELMA,AL,32.34394666666667,-86.98780555555555,166.2,1,8014,1,6FFA5CA5-154E-4618-8F1A-CB87224AEAA4
MOB,KMOB,Mobile Rgnl,MOBILE,AL,30.691416666666665,-88.24283333333334,218.7,5,8502,1,9EEA238F-4012-4D93-AECE-D62464A0A3A1
MGM,KMGM,Montgomery Rgnl (Dannelly Fld),MONTGOMERY,AL,32.300638888888884,-86.39397222222223,232.0,3,9020,1,B9FD74DE-6F24-42C0-A703-1D3E6BDCC6B5
BYH,KBYH,Arkansas Intl,BLYTHEVILLE,AR,35.964333333333336,-89.94394444444445,254.1,1,11602,1,497D1A24-1926-42A6-AECE-75EE86C9C4FC
XNA,KXNA,Northwest Arkansas Ntl,FAYETTEVILLE/SPRINGDALE/ROGERS,AR,36.28157916666667,-94.30776555555555,1288.2,2,8801,2,B1B54E67-7C10-4C49-8C48-DFFE0384EE9E
FSM,KFSM,Fort Smith Rgnl,FORT SMITH,AR,35.336646944444446,-94.36610888888889,469.0,2,9318,1,7EA52980-DFCF-4142-A82C-3CD64A8B1FA9
LIT,KLIT,Bill and Hillary Clinton Ntl/Adams Fld,LITTLE ROCK,AR,34.729441388888894,-92.22477722222223,266.0,3,8273,2,8FBCF8C3-B29D-470D-B4AF-93E8218EDFD5
IFP,KIFP,Laughlin/Bullhead Intl,BULLHEAD CITY,AZ,35.15461444444444,-114.55933222222222,707.1,1,8501,1,D56FAAFF-3E25-4F9F-82F3-F2FED6CCAD0B
FLG,KFLG,Flagstaff Pulliam,FLAGSTAFF,AZ,35.14031583333333,-111.66924138888889,7014.7,1,8800,1,D09B914D-3822-48BC-B47E-6292C90FCD82
GYR,KGYR,Phoenix Goodyear,GOODYEAR,AZ,33.42327777777778,-112.3753611111111,969.1,2,8500,1,200C9978-4C41-4466-AF6F-021329283BF6
GCN,KGCN,Grand Canyon Ntl Park,GRAND CANYON,AZ,35.95236111111112,-112.14697222222223,6608.9,1,8999,1,4D3E55E9-549A-4D80-86B8-26D2F0DFFA15
HII,KHII,Lake Havasu City,LAKE HAVASU CITY,AZ,34.57112388888889,-114.35827694444444,782.8,1,8000,1,38339568-91E1-46EE-B971-E776D01CD359
OLS,KOLS,Nogales Intl,NOGALES,AZ,31.417722222222224,-110.84788888888889,3955.3,2,7200,1,FBEE3A1F-B9EA-426F-BFBC-D7BD1AFE10CF
FHU,KFHU,Sierra Vista Muni-Libby AAF,FORT HUACHUCA SIERRA VISTA,AZ,31.58846111111111,-110.344375,4718.8,4,12001,1,6EB49DB8-8B29-4052-907F-3525E4C7749F
GEU,KGEU,Glendale Rgnl,GLENDALE,AZ,33.526916666666665,-112.29513888888889,1071.3,1,7150,1,F814E6B4-A908-4AF9-84D0-0AC543417E94
0V7,,Kayenta,KAYENTA,AZ,36.71644444444445,-110.22844444444445,5687.5,1,7101,1,8F75854B-DC02-4829-810E-D74D95C991FE
DVT,KDVT,Phoenix Deer Valley,PHOENIX,AZ,33.68830555555555,-112.08255555555556,1478.1,2,8196,1,80B81F0A-E899-4FD6-88D0-4AE6C2E16AD0
IWA,KIWA,Mesa Gateway,PHOENIX,AZ,33.30782388888888,-111.65545916666667,1384.1,3,10401,3,A6D3931A-2AEF-4B5D-9822-125C9069F7CA
PHX,KPHX,Phoenix Sky Harbor Intl,PHOENIX,AZ,33.43427777777777,-112.01158333333333,1134.8,3,11489,3,639E89B2-F2AE-4589-BC8E-2694490CE138
SDL,KSDL,Scottsdale,SCOTTSDALE,AZ,33.62288083333333,-111.91053083333334,1510.1,1,8249,1,73A4E33E-FACF-472B-860B-37A8BACCDC2C
JTC,KJTC,Springerville Muni,SPRINGERVILLE,AZ,34.129416666666664,-109.31086111111111,7055.2,2,8422,1,9202D26F-9CAD-4190-848F-0258CC257E43
RQE,KRQE,Window Rock,WINDOW ROCK,AZ,35.652055555555556,-109.06738888888889,6742.0,1,7000,1,839D68D2-ED33-4DA0-9D0A-8114855AF2BD
INW,KINW,Winslow-Lindbergh Rgnl,WINSLOW,AZ,35.02190972222222,-110.72251577777779,4941.1,2,7499,2,56D0A821-15C4-45B9-82C6-C5FFB705F3AA
BFL,KBFL,Meadows Fld,BAKERSFIELD,CA,35.433861111111106,-119.05766666666666,509.6,2,10849,2,D04CA381-C1CB-453D-A247-3550AF09D1DF
BIH,KBIH,Bishop,BISHOP,CA,37.373111111111115,-118.36361111111111,4124.3,5,7498,1,47166F21-50B3-4FC8-A8BA-514C79AE1E07
PRC,KPRC,Prescott Rgnl/Ernest A Love Fld,PRESCOTT,AZ,34.654763055555556,-112.41918916666667,5045.2,3,7619,1,F5D0D431-ED1A-4503-8FFA-417F01494C2A
SOW,KSOW,Show Low Rgnl,SHOW LOW,AZ,34.26547166666667,-110.0056625,6415.5,2,7202,1,CDD4C808-52BC-426C-B046-1B37D4C8FD39
TYL,KTYL,Taylor,TAYLOR,AZ,34.452732222222224,-110.11503472222222,5823.1,1,7001,1,F8640CE8-E660-4589-81E0-2306ABEA8E08
TUS,KTUS,Tucson Intl,TUCSON,AZ,32.11707027777778,-110.9414625,2643.0,2,10996,2,92CDD2AA-E27B-4ADF-982F-6D8D223D286A
NYL,KNYL,Yuma MCAS/Yuma Intl,YUMA,AZ,32.656573888888886,-114.60598722222221,213.3,4,13300,2,273A1556-B027-4596-B05F-6B46A699DD01
CNO,KCNO,Chino,CHINO,CA,33.97477930555556,-117.63648283333335,650.0,3,7000,1,E85CA6FE-31D6-42BD-8C4E-B703611C7006
FAT,KFAT,Fresno Yosemite Intl,FRESNO,CA,36.776555555555554,-119.71883333333334,335.5,2,9539,2,585087D1-48DB-42D9-8F5E-DC09DBC35EB8
IYK,KIYK,Inyokern,INYOKERN,CA,35.65874127777778,-117.8295325,2457.0,3,7100,1,CA209931-9CE5-499E-84FF-39A79105170E
WJF,KWJF,General Wm J Fox Airfield,LANCASTER,CA,34.741055555555555,-118.21863888888889,2350.7,1,7201,1,C31281FB-2569-4014-9D39-30A165326CE0
LAX,KLAX,Los Angeles Intl,LOS ANGELES,CA,33.942496388888884,-118.40804861111111,127.8,4,12923,4,2C5866F1-5E27-4032-9AF8-988CE5DB82BA
LGB,KLGB,Long Beach (Daugherty Fld),LONG BEACH,CA,33.817929722222225,-118.15189055555557,60.4,7,10000,1,B4B5BE1A-ECEC-4B67-BFA4-4D46C313674C
MMH,KMMH,Mammoth Yosemite,MAMMOTH LAKES,CA,37.62405555555556,-118.83874999999999,7134.8,1,7000,1,5204A525-3E71-471B-8B75-2F4352067F35
SIY,KSIY,Siskiyou County,MONTAGUE,CA,41.781444444444446,-122.46811111111111,2651.1,1,7490,1,33C0D719-9CF1-488F-B4B6-1601533475E8
MRY,KMRY,Monterey Rgnl,MONTEREY,CA,36.58695222222222,-121.84278305555556,256.6,2,7175,1,4319FC79-3107-43D3-BFA9-931E2714A505
ONT,KONT,Ontario Intl,ONTARIO,CA,34.056014166666664,-117.6011875,944.1,2,12197,2,2125B26E-93B2-4B8D-9F3A-54BEDD4A4678
PSP,KPSP,Palm Springs Intl,PALM SPRINGS,CA,33.82966972222223,-116.50669416666666,476.6,2,10000,1,D207DB5C-CC14-49EC-BFC7-9D5BFC1F9979
TRM,KTRM,Jacqueline Cochran Rgnl,PALM SPRINGS,CA,33.626670555555556,-116.15965444444446,-114.4,2,8500,1,5F6322EB-F3FF-437A-A43F-AD2F22AADE20
RDD,KRDD,Redding Rgnl,REDDING,CA,40.508985277777775,-122.29338527777777,505.0,2,7003,1,DB91912A-5C38-4EA7-882B-81C756F21AA6
RIV,KRIV,March ARB,RIVERSIDE,CA,33.88194333333333,-117.25901694444444,1536.0,2,13302,1,E4465C8D-3CF6-458D-906F-53AFBB4DBBF6
SBD,KSBD,San Bernardino Intl,SAN BERNARDINO,CA,34.09536111111111,-117.23488888888889,1159.3,1,10000,1,A575928E-3A97-40BE-8BD8-9D787A016D71
MER,KMER,Castle,ATWATER,CA,37.38048444444445,-120.56818638888889,190.4,1,11802,1,21A13887-0413-4B4F-8466-4E0561B1787E
MHV,KMHV,Mojave Air & Space Port/Rutan Fld,MOJAVE,CA,35.05894444444444,-118.15061111111112,2801.3,3,12503,2,3F2525C2-B324-4197-8869-CEEDEE654E86
OAK,KOAK,Oakland San Francisco Bay,OAKLAND,CA,37.72126138888889,-122.22115055555555,9.0,4,10520,1,A99B9655-47F5-414C-974A-5390FBF73766
PMD,KPMD,Palmdale USAF Plant 42,PALMDALE,CA,34.62938888888889,-118.08455277777777,2542.5,3,12002,2,38E399EE-208C-46AE-806E-7D3520106DCB
SMF,KSMF,Sacramento Intl,SACRAMENTO,CA,38.69544444444444,-121.59077777777777,26.9,2,8605,2,EE881727-2974-4A52-ABDC-2AD492C7B378
MHR,KMHR,Sacramento Mather,SACRAMENTO,CA,38.55531083333333,-121.29721138888888,98.3,4,11301,1,DF6D6956-DEA7-4FA8-9BE0-B6DD79CC83C1
MCC,KMCC,Mc Clellan Airfield,SACRAMENTO,CA,38.66763888888889,-121.40061111111112,76.8,5,10599,1,0F5F52B3-D04F-41E8-8D1D-DEC03FA2765F
SAN,KSAN,San Diego Intl,SAN DIEGO,CA,32.73356277777778,-117.18966333333334,16.8,1,9401,1,50CC510F-CE80-405D-BE8D-05AFC123107F
SDM,KSDM,Brown Fld Muni,SAN DIEGO,CA,32.57227777777778,-116.98016666666666,526.1,2,7972,1,950C9604-9544-4347-B30A-0C49CAC652B9
SFO,KSFO,San Francisco Intl,SAN FRANCISCO,CA,37.618805555555554,-122.37541666666667,13.1,4,11870,4,AF8BC34D-2D11-4CDB-9E87-33A0D430C055
TVL,KTVL,Lake Tahoe,SOUTH LAKE TAHOE,CA,38.89388888888889,-119.99533333333333,6268.4,1,8541,1,05981CEA-F538-4257-96A0-875953152EA0
SCK,KSCK,Stockton Metro,STOCKTON,CA,37.89441194444444,-121.23874416666666,32.6,3,10245,1,94BFA17A-7697-42FC-9DFB-D43981199D79
VCV,KVCV,Southern California Logistics,VICTORVILLE,CA,34.59552611111111,-117.38266222222222,2885.3,2,13052,2,D0BF5C97-F023-4A00-A9DE-B7317305C810
SJC,KSJC,Norman Y Mineta San Jose Intl,SAN JOSE,CA,37.362994722222226,-121.92862055555555,62.2,2,11000,2,ACA1CDD6-3606-47F8-9A7B-904DB1B3DBC5
SMX,KSMX,Santa Maria Pub/Capt G Allan Hancock Fld,SANTA MARIA,CA,34.89994444444444,-120.45808333333333,261.2,2,8004,1,605D412E-8AB9-441C-80A7-449F8325B60D
TRK,KTRK,Truckee-Tahoe,TRUCKEE,CA,39.32005555555556,-120.13958333333333,5904.3,2,7001,1,92913B4C-F1B6-4E8C-812E-E26CA35C793E
VNY,KVNY,Van Nuys,VAN NUYS,CA,34.20980555555556,-118.48997222222222,802.1,2,8001,1,F0AFB4E6-592A-46B2-A76A-5376CC5A0016
AKO,KAKO,Colorado Plains Rgnl,AKRON,CO,40.175638888888884,-103.22202777777778,4716.0,1,7001,1,FFC5EC9B-25FF-4A24-8B15-F8FC0CDE1076
ALS,KALS,San Luis Valley Rgnl/Bergman Fld,ALAMOSA,CO,37.435125,-105.86787527777777,7539.8,1,8521,1,59503C2C-094C-4E9F-A653-FD38171DC875
ASE,KASE,Aspen-Pitkin County/Sardy Fld,ASPEN,CO,39.221878333333336,-106.86823333333332,7837.9,2,8006,1,9EC20B1A-FBA8-403D-AD93-57DB7EE3B6E3
COS,KCOS,City of Colorado Springs Muni,COLORADO SPRINGS,CO,38.805816666666665,-104.7007763888889,6187.0,3,13500,3,4C511534-D62F-4887-B21D-5D4EA72F0964
CEZ,KCEZ,Cortez Muni,CORTEZ,CO,37.3030025,-108.62804416666665,5917.6,1,7205,1,F8AD3CC1-A9D7-4A62-8847-B6769A5C6878
EGE,KEGE,Eagle County Rgnl,EAGLE,CO,39.64275,-106.91594444444445,6547.4,2,9000,1,1585749B-0F3E-4DBA-8130-BEB3CE1782F7
AEJ,KAEJ,Central Colorado Rgnl,BUENA VISTA,CO,38.81419444444444,-106.1206111111111,7950.4,1,8303,1,F93300CB-C7AD-4F56-AD68-D15E5EF6FCCD
1V8,,Leach,CENTER,CO,37.78491666666667,-106.04691666666666,7598.0,1,7000,1,61A8EE20-58C4-4A12-BF69-308C4E2DDAED
BJC,KBJC,Rocky Mountain Metro,DENVER,CO,39.90880555555555,-105.11719444444444,5673.4,3,9000,2,338AC1EC-7F12-4F3D-932E-E37882849344
APA,KAPA,Centennial,DENVER,CO,39.57011861111111,-104.84929305555555,5884.9,4,10001,2,F45128FD-465B-4CD2-9CCA-F022A4152561
DEN,KDEN,Denver Intl,DENVER,CO,39.861666666666665,-104.67316666666667,5433.8,6,16000,6,0E6F2D50-AF47-445C-BE2A-B163C1F6EB04
CFO,KCFO,Colorado Air and Space Port,DENVER,CO,39.784194444444445,-104.53763888888889,5515.2,2,8002,2,E55DF3FE-4262-4D7D-9004-FA06CFB3A007
DRO,KDRO,Durango-La Plata County,DURANGO,CO,37.15152777777778,-107.75377777777778,6689.4,1,9201,1,CB9EFA2F-3180-4301-BD57-BFE1F1B06B37
FNL,KFNL,Northern Colorado Rgnl,FORT COLLINS/LOVELAND,CO,40.451815833333335,-105.01132555555556,5020.3,2,8500,1,DF1D9BA4-873E-4C49-9B67-BE8BB8256709
GJT,KGJT,Grand Junction Rgnl,GRAND JUNCTION,CO,39.121499166666666,-108.52548555555555,4861.4,2,9339,1,39D494BE-4EE4-4057-98C3-7FDA202EF142
GXY,KGXY,Greeley-Weld County,GREELEY,CO,40.437416666666664,-104.63322222222222,4696.8,4,10000,1,B3BA8ACB-6989-4DCD-AE94-B3795CC245DE
GUC,KGUC,Gunnison-Crested Butte Rgnl,GUNNISON,CO,38.53433333333333,-106.93175000000001,7679.6,2,9400,1,4F575B29-1D79-4C44-87DA-130325C8BC2D
HDN,KHDN,Yampa Valley,HAYDEN,CO,40.48119444444445,-107.21766666666667,6606.3,1,10000,1,211CCED1-D192-4B90-BC76-07F8373C1874
MTJ,KMTJ,Montrose Rgnl,MONTROSE,CO,38.50980555555556,-107.89425,5758.5,2,10000,2,300CC9CA-EA12-4876-BD12-EA2544E1F013
PSO,KPSO,Stevens Fld,PAGOSA SPRINGS,CO,37.28624861111111,-107.05600888888888,7663.3,1,8100,1,4593AE17-A8D1-44DA-9A79-8125E23BDFEE
PUB,KPUB,Pueblo Meml,PUEBLO,CO,38.2899475,-104.49802805555555,4729.3,3,10498,2,445FDC04-FBE0-4C81-BFF1-BC7C794A3C00
RIL,KRIL,Rifle Garfield County,RIFLE,CO,39.526606666666666,-107.72798694444445,5536.8,1,7000,1,EAB85173-20ED-4BEC-873D-45F39AD8E528
04V,,Saguache Muni,SAGUACHE,CO,38.09939444444445,-106.17432777777778,7850.0,1,7957,1,C09D3EC7-7EA4-49DA-A230-E6C437B0782F
ANK,KANK,Salida/Harriett Alexander Fld,SALIDA,CO,38.53827777777778,-106.04863888888889,7523.0,2,7351,1,1705FB5E-014C-42B1-9C4F-BAACF0D99A41
TEX,KTEX,Telluride Rgnl,TELLURIDE,CO,37.95380555555556,-107.90875000000001,9069.7,1,7111,1,2E1D5EE6-1003-453B-ADDA-17A1D555C7C9
BDL,KBDL,Bradley Intl,WINDSOR LOCKS,CT,41.93903222222222,-72.68431583333334,173.3,2,9510,1,C8C24AC1-D558-4BB9-92F8-E01B93840ABF
DCA,KDCA,Ronald Reagan Washington Ntl,WASHINGTON,DC,38.851440277777776,-77.03772138888888,14.1,4,7169,1,96204F8C-A545-4DF9-943D-5472C5BC1697
DOV,KDOV,Dover AFB,DOVER,DE,39.12953888888889,-75.46596111111111,28.9,2,12903,2,5742570F-73AB-494D-8BD7-629D84BE4D3D
ILG,KILG,New Castle,WILMINGTON,DE,39.67870972222222,-75.606635,79.9,3,7275,2,E49D92B0-9123-4A8F-8AF4-A057B2FB3192
IAD,KIAD,Washington Dulles Intl,WASHINGTON,DC,38.94745638888889,-77.45992861111111,312.3,4,11500,4,68B8FC26-3117-4301-878B-799F22A0363D
BKV,KBKV,Brooksville-Tampa Bay Rgnl,BROOKSVILLE,FL,28.473458055555554,-82.45606500000001,76.1,2,7001,1,C96C9CD7-7183-4A97-AC7F-8DF330FD4DB6
CEW,KCEW,Bob Sikes,CRESTVIEW,FL,30.77883111111111,-86.52211277777778,213.5,1,8006,1,CCDF1C51-6530-4455-887F-AD28A8747D10
DAB,KDAB,Daytona Beach Intl,DAYTONA BEACH,FL,29.17990888888889,-81.05804222222221,34.2,3,10500,1,7005287A-7ADE-4969-A74E-C3795A8F93E3
FLL,KFLL,Fort Lauderdale/Hollywood Intl,FORT LAUDERDALE,FL,26.071666666666665,-80.14969444444445,65.0,2,9000,2,5A5A4C23-2EDC-4608-8B54-3CE1C8AB7DE0
RSW,KRSW,Southwest Florida Intl,FORT MYERS,FL,26.53616388888889,-81.755155,29.9,1,12000,1,AB26798F-B877-488F-BEE2-712E8A02945C
JAX,KJAX,Jacksonville Intl,JACKSONVILLE,FL,30.494045555555555,-81.68784666666667,29.6,2,10000,2,E2E20781-927D-4930-B08E-27A9C0FE0984
VQQ,KVQQ,Cecil,JACKSONVILLE,FL,30.218777777777778,-81.87716666666665,79.5,6,12504,3,47E26404-FBFA-4B02-9890-BB929C41E0EC
LAL,KLAL,Lakeland Linder Intl,LAKELAND,FL,27.98763888888889,-82.019,141.8,3,8500,1,A61CDF50-309F-4759-ACFA-86A9B68CD110
LEE,KLEE,Leesburg Intl,LEESBURG,FL,28.822898055555555,-81.80841749999999,76.0,3,15000,1,7261DDD9-3BA5-4D2A-8951-D0349C1FF82C
GNV,KGNV,Gainesville Rgnl,GAINESVILLE,FL,29.690055555555556,-82.27177777777777,151.4,2,7504,1,E017BC45-38E2-4269-8FE5-59F30CE5189B
LCQ,KLCQ,Lake City Gateway,LAKE CITY,FL,30.182055555555557,-82.57686111111111,200.7,2,8003,1,56BE3364-3C0E-4833-B9DF-E5E445DB9867
MIA,KMIA,Miami Intl,MIAMI,FL,25.795361111111113,-80.29011583333333,9.3,4,13016,4,28A25B5E-8EB8-4F2F-9D2B-3605D2654733
OPF,KOPF,Miami-Opa Locka Exec,MIAMI,FL,25.907416666666666,-80.27822222222223,8.0,3,8002,1,039B278A-17B9-4F46-AA21-329CC7ED2D2C
OCF,KOCF,Ocala Intl-Jim Taylor Fld,OCALA,FL,29.17187638888889,-82.22411444444445,90.1,2,7468,1,8AE04ED0-D39E-4B15-93F7-D1F189FA6260
MCO,KMCO,Orlando Intl,ORLANDO,FL,28.42938888888889,-81.309,96.4,4,12005,4,ED1CB743-2B70-404D-98E9-51F1E4CB4442
SFB,KSFB,Orlando Sanford Intl,ORLANDO,FL,28.777178055555556,-81.23491361111111,54.8,4,11002,1,E081E66F-263E-4B7F-98F7-4C19DA359AE0
ECP,KECP,Northwest Florida Beaches Intl,PANAMA CITY,FL,30.358240833333333,-85.79560222222221,68.8,1,10000,1,4A90E2EF-3ED3-43E4-A712-E38B52360A45
MLB,KMLB,Melbourne Orlando Intl,MELBOURNE,FL,28.10275,-80.64525,33.3,3,10181,1,3ACDEDBD-58E6-4FFF-A8A4-C7CAB20B3299
TNT,KTNT,Dade-Collier Training and Transition,MIAMI,FL,25.861805555555556,-80.897,12.7,1,10499,1,58681702-43A7-4C34-869B-6284B30ACCD2
PNS,KPNS,Pensacola Intl,PENSACOLA,FL,30.473416666666665,-87.18661111111112,120.9,2,7004,2,FA711E9A-0B3C-4A00-8532-8B16EECA8B27
SGJ,KSGJ,St Augustine,ST AUGUSTINE,FL,29.959250277777777,-81.33972916666666,9.8,6,12000,3,556BB8E8-4A7D-4846-A3A2-632E4F29C832
SRQ,KSRQ,Sarasota/Bradenton Intl,SARASOTA/BRADENTON,FL,27.395444444444443,-82.55438888888888,29.9,2,9500,1,84E11735-61D9-4966-8E47-6B2E692C061A
TLH,KTLH,Tallahassee Intl,TALLAHASSEE,FL,30.396754166666668,-84.35086888888888,83.1,2,8000,2,265A7B00-46FF-4744-8673-499589FFA2BF
TPA,KTPA,Tampa Intl,TAMPA,FL,27.975469444444443,-82.5332475,26.5,3,11002,2,94348EF7-5624-41A5-A685-7680EB5F04EB
TIX,KTIX,Space Coast Rgnl,TITUSVILLE,FL,28.5147975,-80.79922722222221,34.0,2,7319,1,0085A59D-ECFA-48A7-BC39-D9B26BA68E6C
VPS,KVPS,Eglin AFB/Destin-Ft Walton Beach,VALPARAISO/DESTIN-FT WALTON BEACH,FL,30.483219416666664,-86.52604433333333,84.0,2,12004,2,FBF53100-E642-4C20-A799-898F121A15A3
PBI,KPBI,Palm Beach Intl,WEST PALM BEACH,FL,26.683161666666667,-80.09559194444444,19.6,3,10001,1,B519FB5D-3A80-48DA-BAC8-80F422C244CD
PGD,KPGD,Punta Gorda,PUNTA GORDA,FL,26.918592500000003,-81.99088611111111,25.5,3,7193,1,61ACA8B2-C391-4D35-95B8-3BFE9B4F805F
PIE,KPIE,St Pete-Clearwater Intl,ST PETERSBURG-CLEARWATER,FL,27.90863361111111,-82.68651,10.7,2,9730,1,6D9B12C2-2E29-47E5-BE8C-B9C12DC8C0E0
VRB,KVRB,Vero Beach Rgnl,VERO BEACH,FL,27.655555,-80.41795416666668,23.7,3,7314,1,F83408DF-2239-4254-9294-49C814E218A7
ATL,KATL,Hartsfield/Jackson Atlanta Intl,ATLANTA,GA,33.63669961111111,-84.427864,1026.2,5,12390,5,90091CE7-1372-4182-BA14-366919A3F134
AGS,KAGS,Augusta Rgnl At Bush Fld,AUGUSTA,GA,33.369954166666666,-81.96449833333334,145.7,2,8001,1,D98F23FA-C99D-403A-AC3F-F4927FA8AF5C
BQK,KBQK,Brunswick Golden Isles,BRUNSWICK,GA,31.259035277777777,-81.4663163888889,25.6,1,8001,1,58F7FC2B-9B1F-42BF-BAB0-936A7CF40967
RMG,KRMG,Richard B Russell Rgnl - J H Towers Fld,ROME,GA,34.3516375,-85.15857444444445,644.0,2,7010,1,4C1E0305-7E82-43E0-A6DD-901828F33C36
SAV,KSAV,Savannah/Hilton Head Intl,SAVANNAH,GA,32.127583333333334,-81.2021388888889,50.2,2,9351,2,D339C530-1D36-4587-8130-9E9938BF474D
VLD,KVLD,Valdosta Rgnl,VALDOSTA,GA,30.781464444444442,-83.27597166666666,203.1,2,8003,1,0C9198C7-C8C8-452A-A99C-2432F98DAA2F
ITO,PHTO,Hilo Intl,HILO,HI,19.72026222222222,-155.04847027777777,37.6,2,9803,1,879B8B96-06B7-4344-9EE6-27B3380444F2
HNL,PHNL,Daniel K Inouye Intl,HONOLULU,HI,21.317824722222223,-157.92025027777777,13.5,6,12360,3,5B4DC1E6-846B-4FA9-AC56-95D841B38CE6
KOA,PHKO,Ellison Onizuka Kona Intl At Keahole,KAILUA-KONA,HI,19.738765,-156.0456311111111,50.5,1,11000,1,EA5CCA39-6062-4943-B79B-49789A937548
JRF,PHJR,Kalaeloa (John Rodgers Fld),KAPOLEI,HI,21.307134166666668,-158.07044416666668,32.3,3,8365,2,05FD7AB4-B696-4729-93C3-45298B5AD0F2
HDH,PHDH,Kawaihapai Airfield,MOKULEIA,HI,21.579473611111112,-158.19728138888888,14.2,1,9007,1,9B56118F-FA15-4EF4-B3E5-84E70B40AD77
CID,KCID,The Eastern Iowa,CEDAR RAPIDS,IA,41.88469444444444,-91.71080555555555,869.3,2,8600,1,EAAE5D73-BBC8-464C-833B-63081F6F7FA5
DSM,KDSM,Des Moines Intl,DES MOINES,IA,41.53397277777778,-93.66307222222223,957.9,2,9004,2,A0F6486D-659E-41A3-A37F-AA2015313281
SUX,KSUX,Sioux Gateway/Brig General Bud Day Fld,SIOUX CITY,IA,42.40130555555555,-96.38441666666667,1098.5,2,9002,1,E617C2C2-170D-43DA-A568-7E8668835286
ALO,KALO,Waterloo Rgnl,WATERLOO,IA,42.55844916666666,-92.40102333333334,873.0,2,8399,1,68FF21F6-5B5A-4FF0-9073-A8D64AE4DE40
DIJ,KDIJ,Driggs/Reed Meml,DRIGGS,ID,43.7462575,-111.09129999999999,6257.2,1,7301,1,B76F3FA5-62CF-4BFC-A070-2E06F8C955B7
BOI,KBOI,Boise Air Trml/Gowen Fld,BOISE,ID,43.56436111111111,-116.22286111111111,2871.7,3,10000,2,687DDE9E-5155-4264-A0AA-704C3AD79900
COE,KCOE,Coeur D'alene/Pappy Boyington Fld,COEUR D'ALENE,ID,47.77430555555556,-116.81958333333333,2320.3,2,7400,1,EAA81C05-34BF-485E-A3DB-5193D1A09AFA
SUN,KSUN,Friedman Meml,HAILEY,ID,43.50378055555556,-114.29555833333333,5319.5,1,7550,1,D0C07530-170C-4AE1-9DC3-DE578E6A006D
BLV,KBLV,Scott AFB/Midamerica St Louis,BELLEVILLE,IL,38.54517305555555,-89.83518555555555,459.1,2,10000,2,E70C392C-1217-45B2-AA77-53ACE95BCFDE
IDA,KIDA,Idaho Falls Rgnl,IDAHO FALLS,ID,43.51367333333334,-112.07082027777777,4743.7,2,9002,1,5BDFDD72-981D-4F03-83AF-30194CD3A11D
PIH,KPIH,Pocatello Rgnl,POCATELLO,ID,42.9097925,-112.59591888888889,4451.9,2,9059,2,C7594500-8A2C-46A6-8B5B-95CCC809B29D
TWF,KTWF,Joslin Fld/Magic Valley Rgnl,TWIN FALLS,ID,42.48180916666667,-114.48773611111112,4153.4,2,8704,1,96D553D2-963C-417B-B531-96982D31BFE0
BMI,KBMI,Central Il Rgnl/Bloomington-Normal,BLOOMINGTON/NORMAL,IL,40.477111111111114,-88.91591666666667,871.4,2,8000,1,7E7A9896-43AC-4359-869D-89801B812607
DEC,KDEC,Decatur,DECATUR,IL,39.834562500000004,-88.86568916666666,681.9,3,8496,1,FAD20BA0-9039-4BED-90FB-4CA4479F664B
DKB,KDKB,De Kalb Taylor Muni,DE KALB,IL,41.93383425,-88.70568638888889,912.6,2,7026,1,3ADEEDB9-7BB5-4213-8D82-441E90018AC5
CPS,KCPS,St Louis Downtown,CAHOKIA/ST LOUIS,IL,38.57036111111111,-90.15508333333334,412.9,3,7002,1,C16D7807-129B-4321-B0DD-265C04C5BF36
CMI,KCMI,University of Illinois/Willard,CHAMPAIGN/URBANA,IL,40.03856083333333,-88.27653916666667,754.9,3,8101,1,66BC1F1F-2151-4C58-998B-DC21D69B5308
ORD,KORD,Chicago O'Hare Intl,CHICAGO,IL,41.97694027777778,-87.90814972222223,680.0,10,13000,8,8719978B-8B62-4688-A0AE-46450A687C68
DPA,KDPA,Dupage,CHICAGO/WEST CHICAGO,IL,41.90705305555555,-88.247995,758.5,4,7571,1,2FD31A12-EF68-4339-891A-D84B47A5EE7B
MLI,KMLI,Quad Cities Intl,MOLINE,IL,41.448209166666665,-90.50777,589.6,3,10002,2,413B1178-4CFC-4AA2-B52D-CEF36AC19A52
MWA,KMWA,Veterans Airport of Southern Illinois,MARION,IL,37.75497222222222,-89.01108333333333,471.7,2,8012,1,E2CA9718-198E-46CA-AFC6-6F7FC3ADC0C3
PIA,KPIA,General Downing - Peoria Intl,PEORIA,IL,40.66419444444444,-89.69325,660.7,2,10104,2,1CF7743F-9F99-4B58-9BFC-2288599CCE22
UIN,KUIN,Quincy Rgnl-Baldwin Fld,QUINCY,IL,39.942275277777775,-91.19240444444445,768.7,2,7098,1,BFDECD82-DC86-447F-8BA3-529353FFDF0A
RFD,KRFD,Chicago/Rockford Intl,CHICAGO/ROCKFORD,IL,42.195361111111104,-89.09722222222221,742.0,2,10002,2,C10C1042-F3BA-4256-9ACE-92D1AB50B484
SPI,KSPI,Abraham Lincoln Capital,SPRINGFIELD,IL,39.844611111111114,-89.67755555555556,597.9,2,8001,2,F681891C-822F-4167-B698-F83A2F3D682C
GYY,KGYY,Gary/Chicago Intl,GARY/CHICAGO,IN,41.61725,-87.41452777777778,596.8,2,8859,1,822CA6A6-68CC-4AC1-9F5F-CDBD52B29274
GWB,KGWB,Auburn/Dekalb Exec,AUBURN,IN,41.307197499999994,-85.06051694444444,880.4,1,7106,1,269FCF4A-C3DF-4590-A144-E636AFE1CDA1
EVV,KEVV,Evansville Rgnl,EVANSVILLE,IN,38.04080416666667,-87.52849361111112,421.7,3,8021,1,08CAA829-1226-4BEE-80A6-556DAF006632
FWA,KFWA,Fort Wayne Intl,FORT WAYNE,IN,40.97847222222222,-85.19516666666667,814.5,3,11981,2,9FF1EDE6-09C5-44D7-A431-8C65512C9CDE
64I,,Lee Bottom,HANOVER,IN,38.63144166666667,-85.44341944444444,473.0,2,15000,1,9A53FA18-07AF-4E42-BE80-A3E16275026D
IND,KIND,Indianapolis Intl,INDIANAPOLIS,IN,39.717305555555555,-86.29463888888888,796.2,3,11200,3,43A597CD-D50E-4E3E-8D00-C6FEFAC5D498
JVY,KJVY,Clark Rgnl,JEFFERSONVILLE,IN,38.366618333333335,-85.73814472222222,477.7,2,7000,1,4CB9900A-ADA7-4A8F-A3A1-F102C1003524
TYQ,KTYQ,Indianapolis Exec,INDIANAPOLIS,IN,40.02860944444444,-86.25140555555555,922.2,1,7001,1,676A3E0E-1DDA-4CC6-BFC1-3718CD96F1BF
GUS,KGUS,Grissom ARB,PERU,IN,40.648091666666666,-86.15211944444445,810.6,1,12501,1,21B35309-5E82-43BE-914A-416C15DB2EA1
SBN,KSBN,South Bend Intl,SOUTH BEND,IN,41.708223888888895,-86.3173375,798.4,3,8412,2,B5101053-1881-4E9C-A579-A6B90597B8BA
VPZ,KVPZ,Porter County Rgnl,VALPARAISO,IN,41.45397222222223,-87.00708333333333,770.3,2,7001,1,51E8EB9E-4D82-4273-8396-911C86C51A1E
HUF,KHUF,Terre Haute Rgnl,TERRE HAUTE,IN,39.450631944444446,-87.30699,589.2,2,9021,2,4D81EA0E-488A-4400-940A-E7EE44FD8F27
GBD,KGBD,Great Bend Muni,GREAT BEND,KS,38.34425138888889,-98.85919694444443,1886.7,2,7852,1,0345A202-CE72-4D4A-8823-46772134ADBB
MHK,KMHK,Manhattan Rgnl,MANHATTAN,KS,39.141416666666665,-96.67155555555556,1066.1,2,7400,1,3F575102-D33C-46BF-9182-291BC14C9C27
EWK,KEWK,Newton-City-County,NEWTON,KS,38.05710138888889,-97.27522833333333,1533.5,2,7003,1,8164FF07-4ADD-4595-930D-0106855A5F4D
SLN,KSLN,Salina Rgnl,SALINA,KS,38.79061111111111,-97.65222222222222,1288.0,10,12301,1,F9B66878-4196-4BCE-AF0D-23A0CE485B74
GCK,KGCK,Garden City Rgnl,GARDEN CITY,KS,37.927527777777776,-100.72441666666667,2890.8,2,7299,1,BA654E8B-8EE2-4FD4-ADD8-A0603D330B02
HUT,KHUT,Hutchinson Rgnl,HUTCHINSON,KS,38.06615472222222,-97.86048972222221,1542.5,3,7003,1,34BDDE9F-5AE5-4550-81D1-0B684A0C5318
LBL,KLBL,Liberal Mid-America Rgnl,LIBERAL,KS,37.04392111111111,-100.95996861111111,2885.4,2,7105,1,9AE1DF70-3B23-42E2-80CC-3A0A69DE52CD
IXD,KIXD,New Century Aircenter,OLATHE,KS,38.83091666666667,-94.89030555555556,1087.3,2,7339,1,DA2D360F-90F9-45A1-A13B-DB15B3839E99
BEC,KBEC,Beech Factory,WICHITA,KS,37.69391666666667,-97.21491666666667,1408.6,1,8001,1,E164BD1C-F411-45C3-AB46-5F2833AEAC37
CVG,KCVG,Cincinnati/Northern Kentucky Intl,COVINGTON,KY,39.0488375,-84.66782083333334,896.1,4,12001,4,E24E4D4D-6EA0-48A5-9653-1A4682B98703
LEX,KLEX,Blue Grass,LEXINGTON,KY,38.036741666666664,-84.60861722222222,979.5,2,7004,1,239C75CA-59CB-4AEC-A8E4-83E032DA0F0A
FOE,KFOE,Topeka Rgnl,TOPEKA,KS,38.95094916666667,-95.66361361111112,1077.9,2,12803,2,286FF7F9-01EB-442C-B6DE-92618A8099C6
ICT,KICT,Wichita Dwight D Eisenhower Ntl,WICHITA,KS,37.6499525,-97.43304277777779,1332.6,3,10302,2,85787B73-7828-40DE-A3D7-1B3CBD791AE7
SDF,KSDF,Louisville Muhammad Ali Intl,LOUISVILLE,KY,38.174085,-85.73649361111111,500.8,3,11887,3,204F6D07-124E-47C9-B15A-2C156D485189
OWB,KOWB,Owensboro/Daviess County Rgnl,OWENSBORO,KY,37.73883416666667,-87.16682855555555,407.3,2,8000,1,88AA56FD-2F73-4BF0-832E-353DC78F9F07
AEX,KAEX,Alexandria Intl,ALEXANDRIA,LA,31.327371666666668,-92.54855583333332,88.1,2,9352,2,38760AF2-946B-4B69-A8A5-88FB2951EE58
BTR,KBTR,"Baton Rouge Metro, Ryan Fld",BATON ROUGE,LA,30.532916666666665,-91.1498888888889,69.7,3,7500,2,0158F8BE-01B1-489E-88E9-9310332EE29C
MLU,KMLU,Monroe Rgnl,MONROE,LA,32.510555833333335,-92.03613361111111,78.9,2,7504,1,FA730C24-7316-4C83-8A18-B71FB347B450
LFT,KLFT,Lafayette Rgnl/Paul Fournet Fld,LAFAYETTE,LA,30.205026666666665,-91.98775388888889,40.9,3,8000,1,3F3FBF9E-C5A3-48B1-AA94-E838DAB52BF7
CWF,KCWF,Chennault Intl,LAKE CHARLES,LA,30.210586944444444,-93.14318916666667,16.5,1,10702,1,575E7122-16B3-4DD7-A580-9F34DC24BF20
ARA,KARA,Acadiana Rgnl,NEW IBERIA,LA,30.037758333333336,-91.88389611111111,24.0,3,8002,1,E1601EF7-794C-43AB-858D-13FF39798412
MSY,KMSY,Louis Armstrong New Orleans Intl,NEW ORLEANS,LA,29.993272222222224,-90.2590275,3.0,4,10104,2,E00678C2-CCFF-4487-A28D-B0B2C345498B
BOS,KBOS,General Edward Lawrence Logan Intl,BOSTON,MA,42.362944444444445,-71.00638888888889,19.1,6,10083,4,8A175D7D-C058-4D14-A55F-D354936393D2
SHV,KSHV,Shreveport Rgnl,SHREVEPORT,LA,32.44651527777778,-93.82603999999999,257.6,2,8348,2,58F98999-5CAA-4F8B-BB7B-9707547EE1CF
BED,KBED,Laurence G Hanscom Fld,BEDFORD,MA,42.469944444444444,-71.289,132.0,2,7011,1,94306471-AC0B-4AF5-A2FF-39CDF67DA95F
ORH,KORH,Worcester Rgnl,WORCESTER,MA,42.26713888888889,-71.8756111111111,1009.0,2,7001,1,518881FD-886B-407F-BEF1-E199641186ED
BWI,KBWI,Baltimore/Washington Intl Thurgood Marshall,BALTIMORE,MD,39.17572833333333,-76.66899111111111,143.4,3,10503,2,751671DD-2768-454F-AA80-2567DB9933FE
CEF,KCEF,Westover Arb/Metro,SPRINGFIELD/CHICOPEE,MA,42.19401555555555,-72.53478666666666,241.1,2,11597,2,DC020F82-46D0-4B38-96C0-DEF5A487D10F
BAF,KBAF,Westfield-Barnes Rgnl,WESTFIELD/SPRINGFIELD,MA,42.157944444444446,-72.71586111111111,270.0,2,9000,1,CFEC2A70-73C8-4FEB-8F8F-4DFD48E7F569
BGR,KBGR,Bangor Intl,BANGOR,ME,44.80744444444444,-68.82813888888889,192.1,2,11440,1,B6826659-BE6B-481B-AD3F-6D62F0B6E864
HGR,KHGR,Hagerstown Rgnl/Richard A Henson Fld,HAGERSTOWN,MD,39.7085,-77.7265,703.1,2,7000,1,115D0A1D-2B3E-4C86-8258-A048A21DF8C1
BXM,KBXM,Brunswick Exec,BRUNSWICK,ME,43.89235511111111,-69.93882969444445,74.7,2,8000,2,2D357EEC-2973-455F-8660-9408D20C70F6
OLD,KOLD,Dewitt Fld/Old Town Muni,OLD TOWN,ME,44.952335000000005,-68.67449555555557,126.5,3,8400,1,AE084322-0758-45C6-8B9B-2D976C207792
BTL,KBTL,Battle Creek Exec At Kellogg Fld,BATTLE CREEK,MI,42.30647388888889,-85.25008944444444,951.6,3,10004,1,DB1FA536-4CB4-4FFC-9353-9C288A777F3C
PWM,KPWM,Portland Intl Jetport,PORTLAND,ME,43.6456435,-70.3086163611111,75.7,2,7200,1,8EF6F556-3F93-48D4-887C-4E3BA7B478FF
PQI,KPQI,Presque Isle Intl,PRESQUE ISLE,ME,46.688963888888885,-68.04479138888888,534.0,2,7441,1,FDDA0606-6666-4A4A-A43B-74CE11B18EA4
APN,KAPN,Alpena County Rgnl,ALPENA,MI,45.07808333333334,-83.56030555555556,689.5,2,9001,1,7D46BE9D-70A6-480D-A60F-352FDB1260BA
DTW,KDTW,Detroit Metro Wayne County,DETROIT,MI,42.212431111111115,-83.35339333333333,645.2,7,12003,6,90EDCD5B-D722-42A8-9139-35812BECEF2E
YIP,KYIP,Willow Run,DETROIT,MI,42.24027388888889,-83.53146111111111,715.9,2,7543,1,312987BF-72BB-4B37-95A8-EED7D4E9A228
FNT,KFNT,Bishop Intl,FLINT,MI,42.96546388888889,-83.74473805555556,782.1,2,7852,2,2DAAC1B6-0A16-4A98-8ED4-9393355D5079
GRR,KGRR,Gerald R Ford Intl,GRAND RAPIDS,MI,42.880833333333335,-85.52280555555555,793.6,3,10001,2,1DC2A49E-C655-4221-AD7C-D4D53BBF138C
LAN,KLAN,Capital Region Intl,LANSING,MI,42.7786475,-84.58620555555555,860.5,3,8506,1,AFB733D2-25F1-4562-99DF-A6EC1780B2FD
SAW,KSAW,Marquette/Sawyer Rgnl,MARQUETTE,MI,46.349158333333335,-87.39637166666667,1204.5,1,9072,1,431B5B5A-B1D4-4A26-9A02-A5B82A41906D
MBS,KMBS,Mbs Intl,SAGINAW,MI,43.53292694444444,-84.07963583333333,668.3,2,8002,1,0F02ADF7-EE8E-40A5-8FE7-6B31740C4B15
BJI,KBJI,Bemidji Rgnl,BEMIDJI,MN,47.51072222222222,-94.93472222222222,1391.4,2,7004,1,75F409C0-5F92-4DA6-AB4E-60ADA4267E27
BRD,KBRD,Brainerd Lakes Rgnl,BRAINERD,MN,46.404222222222224,-94.13380555555557,1232.2,3,7100,1,DB31314B-39E6-44D9-BE58-7DB58F073B93
OSC,KOSC,Oscoda/Wurtsmith,OSCODA,MI,44.45152388888889,-83.39416472222223,633.0,1,11801,1,538C99B9-30BE-4E0F-8F4F-DEEB768CFC51
CIU,KCIU,Chippewa County Intl,SAULT STE MARIE,MI,46.250751666666666,-84.47238416666667,799.3,2,7203,1,95963ABA-9C9C-49D9-B9AA-0DE244A5F6D2
TVC,KTVC,Cherry Capital,TRAVERSE CITY,MI,44.74157861111111,-85.58187,623.9,2,7016,1,385284AD-B1A0-4669-84B7-5B8EF406BA99
DYT,KDYT,Sky Harbor,DULUTH,MN,46.722122500000005,-92.04438583333334,608.6,3,10000,1,74317928-2074-424B-B455-BD4A5E1504AF
INL,KINL,Falls Intl/Einarson Fld,INTERNATIONAL FALLS,MN,48.56558777777777,-93.40217916666667,1184.4,2,7400,1,476EF524-1232-4E1F-814E-112C3D8E0084
MML,KMML,Southwest Minnesota Rgnl Marshall/Ryan Fld,MARSHALL,MN,44.45172222222222,-95.82441666666666,1182.8,2,7221,1,4FF6B61D-E85B-45B7-BB17-1B18D5F267EA
DLH,KDLH,Duluth Intl,DULUTH,MN,46.84206975,-92.19323722222222,1427.8,2,10591,1,BAF3B64B-E81F-435B-BFC7-D672F1566BB5
MSP,KMSP,Minneapolis-St Paul Intl/Wold-Chamberlain,MINNEAPOLIS,MN,44.881972222222224,-93.22177777777777,841.8,4,11006,4,243F5FF5-D108-419F-BA14-7FFCFFCBB2B4
RST,KRST,Rochester Intl,ROCHESTER,MN,43.908277777777776,-92.50002777777777,1317.4,2,9034,2,8AC59680-E8AF-4E1B-B036-1B61E8A0BC3F
STC,KSTC,St Cloud Sky Central,ST CLOUD,MN,45.54622222222222,-94.05938888888889,1030.5,2,7500,1,7BC69C13-E48F-476B-985B-F4CA4419DF74
BBG,KBBG,Branson,BRANSON,MO,36.5320825,-93.20054444444445,1302.0,1,7140,1,1BE3DD9E-9304-47BF-8F86-5DF1550F3544
COU,KCOU,Columbia Rgnl,COLUMBIA,MO,38.81773555555556,-92.21779194444444,889.4,2,7401,1,40CE72D9-FB76-4165-B179-3FED699020E5
MCI,KMCI,Kansas City Intl,KANSAS CITY,MO,39.29761111111111,-94.71388888888889,1026.9,3,10801,3,6E268EEB-B635-4E6B-B2D4-38211AD6F5CA
STJ,KSTJ,Rosecrans Meml,ST JOSEPH,MO,39.77194444444444,-94.90970555555556,826.5,2,8061,1,907BD2FF-3211-4E43-B19A-90277F993C85
SGF,KSGF,Springfield-Branson Ntl,SPRINGFIELD,MO,37.24566138888889,-93.38862694444445,1268.3,2,8000,2,9E936144-BAB3-4269-87BB-8BB7B590AC7D
STL,KSTL,St Louis Lambert Intl,ST LOUIS,MO,38.748698222222224,-90.37002572222221,617.3,4,11020,4,2EC1BA36-6A52-4199-853F-7E506EFD729E
SUS,KSUS,Spirit of St Louis,ST LOUIS,MO,38.66211722222222,-90.65204666666668,463.3,2,7486,1,E25C6BD5-FA7F-407F-B53E-1D71C503364D
HSA,KHSA,Stennis Intl,BAY ST LOUIS,MS,30.36780472222222,-89.4546125,22.8,1,8498,1,E49B99A6-CC8C-4538-B43F-443DB539F7A6
GTR,KGTR,Golden Triangle Rgnl,COLUMBUS/W POINT/STARKVILLE,MS,33.448277777777776,-88.59138888888889,264.0,1,8003,1,E333F6FB-7BA4-400E-AAAA-E974A1F9797E
GNF,KGNF,Grenada Muni,GRENADA,MS,33.83244444444445,-89.79816666666666,207.9,2,7000,1,8B0BB110-7334-4AE0-8702-B46867CC7A25
GPT,KGPT,Gulfport-Biloxi Intl,GULFPORT,MS,30.407269166666666,-89.07009583333333,28.0,2,9002,1,5FFE897B-FF3B-45A7-8F6B-376B1544EEB0
JAN,KJAN,Jackson-Medgar Wiley Evers Intl,JACKSON,MS,32.311166666666665,-90.07588888888888,346.4,2,8500,2,B2658970-ED2A-43FE-8103-D100037868D8
MEI,KMEI,Key Fld,MERIDIAN,MS,32.33286166666667,-88.75157222222222,297.8,2,10003,1,1C3E3FDB-01E8-4440-9219-9D12523980A3
UTA,KUTA,Tunica Muni,TUNICA,MS,34.68505555555555,-90.34777777777778,194.4,1,8500,1,846C909F-F7E2-4FD7-B289-16D1C87103B7
TUP,KTUP,Tupelo Rgnl,TUPELO,MS,34.269,-88.76988888888889,346.5,1,7150,1,35825CA5-E178-410E-91C3-D41A7118DD67
GLH,KGLH,Greenville Mid-Delta,GREENVILLE,MS,33.48524694444445,-90.98448555555555,130.7,2,8001,2,DFC4CF20-64F7-40D5-B84B-39FCCDE5656C
IDL,KIDL,Indianola Muni,INDIANOLA,MS,33.48572222222222,-90.67888888888889,126.0,1,7004,1,5EDE8F3B-8E11-4CDD-BC8B-25B0D421D6D6
BZN,KBZN,Bozeman Yellowstone Intl,BOZEMAN,MT,45.777235777777776,-111.15026027777779,4473.4,4,8994,1,0388367E-FF85-4D18-901D-955971480D9A
BTM,KBTM,Bert Mooney,BUTTE,MT,45.95480555555556,-112.49747222222223,5550.5,2,9000,1,4020F414-2B83-489C-92DA-F6C54AEF23CF
4U9,,Dell Flight Strip,DELL,MT,44.73575,-112.71969444444444,6007.0,1,7000,1,9A8B5C3D-112A-40A2-BB32-B533CB3A59B3
HLN,KHLN,Helena Rgnl,HELENA,MT,46.606722222222224,-111.98327777777779,3877.3,4,9000,1,F69C6297-B07A-4178-AE29-21318FA8DAC3
GPI,KGPI,Glacier Park Intl,KALISPELL,MT,48.3105,-114.256,2976.8,2,9007,1,7CAE492D-82DD-4017-9F19-995A1DCBA336
MSO,KMSO,Missoula Montana,MISSOULA,MT,46.91630555555555,-114.09055555555555,3205.6,2,9501,1,144C2D8F-482A-4147-B02D-320B7A86E44D
BIL,KBIL,Billings Logan Intl,BILLINGS,MT,45.80784913888888,-108.54354355555556,3662.3,3,10518,1,60F5854F-1F03-4343-BAA1-F1AA188958F4
EKS,KEKS,Ennis Big Sky,ENNIS,MT,45.27572472222222,-111.64891555555556,5432.6,1,7600,1,BD034ACD-731C-4F25-9687-D96A45EBDFDE
GTF,KGTF,Great Falls Intl,GREAT FALLS,MT,47.48229927777778,-111.37027941666666,3680.0,2,10502,1,D4C2CCF9-7284-4D08-8746-7A3AF201C16A
WYS,KWYS,Yellowstone,WEST YELLOWSTONE,MT,44.68838888888889,-111.11763888888888,6649.0,1,8400,1,A842B95E-1884-4412-BF3A-1F65E95EFBB0
AVL,KAVL,Asheville Rgnl,ASHEVILLE,NC,35.43611305555555,-82.5420475,2163.9,1,8002,1,28AF7D41-2794-4AE6-9E69-8085345375A6
JQF,KJQF,Concord-Padgett Rgnl,CONCORD,NC,35.387770277777776,-80.70913250000001,704.2,2,7402,1,1CCC889B-D85F-4311-AB80-EEA33DF298DF
FAY,KFAY,Fayetteville Rgnl/Grannis Fld,FAYETTEVILLE,NC,34.99121111111111,-78.88027416666667,189.4,2,7709,1,E71FC8E9-D413-4B0E-AF6B-A74AAED8D211
CLT,KCLT,Charlotte/Douglas Intl,CHARLOTTE,NC,35.213186944444445,-80.95137916666667,747.9,3,10000,3,91CC8955-7A21-4843-9C70-CC0903339770
ECG,KECG,Elizabeth City CG Air Station/Rgnl,ELIZABETH CITY,NC,36.260575555555555,-76.17456722222222,10.6,6,7219,1,8BF1E254-61F3-43F6-8EA9-A12FFA877035
GSO,KGSO,Piedmont Triad Intl,GREENSBORO,NC,36.101326666666665,-79.94112277777778,925.5,3,10001,2,4DACDC1C-0729-4FD5-AFA4-213599F5BF4B
PGV,KPGV,Pitt-Greenville,GREENVILLE,NC,35.63569444444445,-77.38408333333334,26.4,2,7175,1,CABEA751-9419-42EA-A493-E7ECAFA80D87
OAJ,KOAJ,Albert J Ellis,JACKSONVILLE,NC,34.82916666666667,-77.61213888888888,92.9,1,7100,1,A3FC02D5-53D8-4C04-B0C5-8EB1CBFFF6A0
RDU,KRDU,Raleigh-Durham Intl,RALEIGH/DURHAM,NC,35.87763888888889,-78.78747222222222,435.2,3,10000,2,CB0BC5B9-0B40-44DE-96E3-5B8E2AEA35C4
ISO,KISO,Kinston Rgnl Jetport At Stallings Fld,KINSTON,NC,35.33143277777778,-77.60883,92.9,1,11498,1,45075F51-0D4D-41DC-BBF7-2F3C3D7B4A73
EQY,KEQY,Charlotte/Monroe Exec,MONROE,NC,35.01741611111111,-80.62205583333332,682.5,1,7001,1,438F5290-443D-42A4-BE6A-BE27BF650CDC
RWI,KRWI,Rocky Mount/Wilson Rgnl,ROCKY MOUNT,NC,35.856252777777776,-77.89193333333334,157.7,1,7099,1,BEB4F35A-FD37-4C2F-A781-45FF7CE628B3
SVH,KSVH,Statesville Rgnl,STATESVILLE,NC,35.76499666666667,-80.9539,967.8,1,7003,1,1D6F9F8E-FE5A-4980-90AF-04586D93CA4D
BIS,KBIS,Bismarck Muni,BISMARCK,ND,46.77273388888889,-100.7457375,1661.3,2,8794,1,90C23D07-36A9-4196-B627-4EBD8F67826D
FAR,KFAR,Hector Intl,FARGO,ND,46.92063888888889,-96.81575,901.3,3,9001,1,3783FEC6-6DCE-46B9-8DCB-1795EBABFDCE
ILM,KILM,Wilmington Intl,WILMINGTON,NC,34.27115138888889,-77.90289055555556,31.7,2,8016,2,90E70174-E7AD-4DC8-A068-C9FA5A4E6D4B
DIK,KDIK,Dickinson/Theodore Roosevelt Rgnl,DICKINSON,ND,46.80047361111111,-102.80443527777777,2592.1,2,7301,1,0799C5F4-4482-4CAC-B769-B80619C5A64C
GFK,KGFK,Grand Forks Intl,GRAND FORKS,ND,47.94786833333333,-97.17569166666667,845.1,16,7351,1,92E04D09-720A-421C-A20E-F85AF766A86A
AIA,KAIA,Alliance Muni,ALLIANCE,NE,42.05322222222222,-102.80375,3930.6,3,9203,1,D9A04EDE-7FC4-419C-B0B8-D897B7830B8B
GRI,KGRI,Central Nebraska Rgnl,GRAND ISLAND,NE,40.9675425,-98.30963888888888,1847.1,2,7002,1,E67E7E26-93AF-4A5E-A63C-BBC737C4C4DE
MOT,KMOT,Minot Intl,MINOT,ND,48.25763888888889,-101.27802777777778,1715.7,2,7700,1,C282BB8E-CCF0-463C-9714-BE49C4AA4406
EAR,KEAR,Kearney Rgnl,KEARNEY,NE,40.727040555555554,-99.00677,2131.8,2,7094,1,D7B85629-8916-4E56-AC18-B56E4C403D01
OMA,KOMA,Eppley Airfield,OMAHA,NE,41.30316666666666,-95.89405555555557,984.5,3,9502,3,DDD2EB95-A230-444C-AF19-9B376A957D60
MHT,KMHT,Manchester Boston Rgnl,MANCHESTER,NH,42.932805555555554,-71.43575,266.4,2,9250,2,EDF54FD4-D717-42B5-9DB9-2390ED549C57
LNK,KLNK,Lincoln,LINCOLN,NE,40.85089138888889,-96.75912111111111,1218.7,3,12901,2,AC38511B-EAE5-45DB-BCB0-651E8D162173
LBF,KLBF,North Platte Rgnl/Lee Bird Fld,NORTH PLATTE,NE,41.12621277777778,-100.68365305555555,2777.0,2,8001,1,01CB75CC-B41D-49FA-A256-9DD4B1663910
BFF,KBFF,Scottsbluff/Western Nebraska Rgnl/Wm  B Heilig Fld,SCOTTSBLUFF,NE,41.874027777777776,-103.59563888888889,3967.3,2,8279,2,14C947B4-8877-491F-9DB4-4023B1EB3F85
BLM,KBLM,Monmouth Exec,BELMAR/FARMINGDALE,NJ,40.18677777777778,-74.12455555555555,153.4,2,7345,1,E5171AC4-86C0-4404-9B1C-F665BD05266E
PSM,KPSM,Portsmouth Intl At Pease,PORTSMOUTH,NH,43.07794444444445,-70.82327777777778,100.4,1,11321,1,B1CFB765-7FEE-4106-B4D8-CA6BAE05D408
ACY,KACY,Atlantic City Intl,ATLANTIC CITY,NJ,39.45757583333334,-74.57715527777778,74.8,3,10001,1,42451455-24E9-4CBE-8DB7-3E9C6FDB98FD
EWR,KEWR,Newark Liberty Intl,NEWARK,NJ,40.692480555555555,-74.16868777777778,17.5,4,11000,2,6AB3CFCC-F6EE-4B71-A201-2DCA9BB7F2F1
ALM,KALM,Alamogordo-White Sands Rgnl,ALAMOGORDO,NM,32.83941666666667,-105.99113888888888,4199.9,3,9207,1,577128C1-A60F-4986-8584-A02415FAA5FC
DMN,KDMN,Deming Muni,DEMING,NM,32.262388888888886,-107.71900000000001,4314.0,2,8018,1,A763AAC3-3089-4E28-8B12-988F8DBD6D83
24N,,Jicarilla Apache Nation,DULCE,NM,36.828535,-106.8841913888889,7618.0,1,7500,1,FAF980CA-6E97-4A01-97E1-BB99335683B5
AEG,KAEG,Double Eagle Ii,ALBUQUERQUE,NM,35.144909444444444,-106.79517388888888,5837.4,2,7398,1,9E977B73-D2A7-46A7-84A1-9BE654B0D25F
ABQ,KABQ,Albuquerque Intl Sunport,ALBUQUERQUE,NM,35.03893155555556,-106.60826216666666,5354.9,3,13793,2,FC50BF53-167B-49DE-AF44-7D15FFC9E959
AXX,KAXX,Angel Fire,ANGEL FIRE,NM,36.42200027777778,-105.289905,8379.5,1,8900,1,D0CDBFA8-E457-4CAD-9AC1-797F989C56ED
CNM,KCNM,Cavern City Air Trml,CARLSBAD,NM,32.33744444444444,-104.26336111111111,3294.6,4,7854,1,88D7BF02-1748-4BCA-B3A9-5A59936484E8
CVN,KCVN,Clovis Rgnl,CLOVIS,NM,34.42659025,-103.07758002777777,4215.8,3,7200,1,B19FBFF1-118A-4AE3-9F37-221664CDEEE6
GUP,KGUP,Gallup Muni,GALLUP,NM,35.51105833333333,-108.78930944444444,6472.6,1,7312,1,EA4B31DD-BC44-4ECA-85BB-FC44F952E20A
GNT,KGNT,Grants-Milan Muni,GRANTS,NM,35.16727777777778,-107.90205555555556,6536.9,1,7172,1,1B616050-113D-42F8-8DCC-FAFE42F62E0C
HOB,KHOB,Lea County Rgnl,HOBBS,NM,32.68734944444444,-103.2175286111111,3660.7,3,8000,1,FD62A693-4701-49FE-B367-7457EAC09D9A
LRU,KLRU,Las Cruces Intl,LAS CRUCES,NM,32.28941388888889,-106.92196444444446,4456.9,3,7506,2,401F3F42-4C4F-497F-BF2A-27342E06D633
LVS,KLVS,Las Vegas Muni,LAS VEGAS,NM,35.654222222222224,-105.1423888888889,6877.2,2,8199,1,1665DA09-72D9-4F49-AA8A-455389939001
ROW,KROW,Roswell Air Center,ROSWELL,NM,33.2998775,-104.52940305555555,3671.0,4,13000,2,B7304B45-E436-49BD-A3FA-A8D4F3487728
SRR,KSRR,Sierra Blanca Rgnl,RUIDOSO,NM,33.46094444444445,-105.53013888888889,6813.8,2,8120,1,30DE14D4-2CD0-4E81-987A-4AAEEF6A3038
SAF,KSAF,Santa Fe Rgnl,SANTA FE,NM,35.617111111111114,-106.08941666666666,6348.7,4,8366,1,4F6D005D-CD34-42E8-B8F6-3CF416EADF92
SKX,KSKX,Taos Rgnl,TAOS,NM,36.45169444444445,-105.67308333333334,7094.6,2,8600,1,AEF75C43-F50D-4B8F-AD40-381034956BF9
TCS,KTCS,Truth Or Consequences Muni,TRUTH OR CONSEQUENCES,NM,33.23536111111111,-107.26988888888889,4861.9,5,7202,1,9E8B0EF6-59C1-4495-838D-68742B515C9F
TCC,KTCC,Tucumcari Muni,TUCUMCARI,NM,35.18277805555555,-103.60319444444444,4064.9,2,7104,1,87296E28-DBC5-4AB2-9499-A20635C6BA1E
EKO,KEKO,Elko Rgnl,ELKO,NV,40.82499861111111,-115.7913375,5139.8,2,7454,1,CE7419F1-AFB3-4846-893A-7F53ED9F5860
MEV,KMEV,Minden-Tahoe,MINDEN,NV,39.0005,-119.75111111111111,4723.6,3,7399,1,1A186260-910D-4497-A28B-D8E2E5E35E92
RTS,KRTS,Reno/Stead,RENO,NV,39.66817694444444,-119.87643963888888,5050.1,2,9000,2,8FD6AA27-0302-4BED-ACCB-A1ECB4029F9F
0E0,,Moriarty Muni,MORIARTY,NM,34.97816666666667,-106.00002777777777,6204.2,2,7702,1,ED17EC18-1B74-4218-84CE-1EA73DBAE066
RTN,KRTN,Raton Muni/Crews Fld,RATON,NM,36.74243916666667,-104.50172638888888,6352.4,2,7615,1,63089882-8CC3-4F5E-8A89-33790CEC77C0
DNA,KDNA,Dona Ana County Intl Jetport,SANTA TERESA,NM,31.880444444444446,-106.70325,4112.8,1,9550,1,ADB71C9F-C461-48DD-86FA-77D60A1CE6CF
BAM,KBAM,Battle Mountain,BATTLE MOUNTAIN,NV,40.59905555555556,-116.87433333333333,4536.1,4,7300,2,F944D06D-6E4D-4AA5-82EE-7D149FEBC55F
05U,,Eureka,EUREKA,NV,39.60375,-116.00361111111111,5957.8,1,7300,1,7C127000-2466-4CCA-B3E7-B17D6931072F
LAS,KLAS,Harry Reid Intl,LAS VEGAS,NV,36.08034277777778,-115.15244861111111,2183.1,4,14835,4,FFAE2022-BD69-475C-801F-3C80B7FCB36B
RNO,KRNO,Reno/Tahoe Intl,RENO,NV,39.49911111111111,-119.76811111111111,4414.9,3,11001,2,61C9271A-FA20-4F4B-93E8-35153BF9AC6D
TPH,KTPH,Tonopah,TONOPAH,NV,38.05989361111111,-117.08660083333334,5430.3,3,7160,1,F1B9E45A-FA23-418F-B243-A4DCCB6BBBD7
WMC,KWMC,Winnemucca Muni,WINNEMUCCA,NV,40.89661111111111,-117.80588888888889,4307.6,4,7000,1,022F0350-1F45-47F7-B54B-E8FEA6746AD2
ALB,KALB,Albany Intl,ALBANY,NY,42.749116111111114,-73.80198,284.8,2,8500,2,694277CB-0B49-4057-BA9E-063312774678
BUF,KBUF,Buffalo Niagara Intl,BUFFALO,NY,42.94042722222222,-78.73056972222223,726.8,2,8829,2,AEA07BBA-4950-4BB0-9E5B-B23382DA9E57
BGM,KBGM,Greater Binghamton/Edwin A Link Fld,BINGHAMTON,NY,42.208444444444446,-75.97961111111111,1635.6,3,7305,1,25664E48-E56D-4067-9105-FA4EB41CD0CB
ELM,KELM,Elmira/Corning Rgnl,ELMIRA/CORNING,NY,42.15985472222222,-76.89174777777778,955.1,3,8001,1,F930FB2C-D32B-4AFB-AD4E-9A12AFD43EB6
SWF,KSWF,New York Stewart Intl,NEW YORK,NY,41.50411111111111,-74.10483333333333,490.7,3,11817,1,D2A35830-BD0B-45CB-AD72-E01F4A1F2AAC
ISP,KISP,Long Island Mac Arthur,NEW YORK,NY,40.796135694444445,-73.10066505555555,98.7,5,7006,1,1E4DF288-0713-40C1-973E-FC19642CEDC4
JFK,KJFK,John F Kennedy Intl,NEW YORK,NY,40.63992805555556,-73.77869222222222,13.0,4,14511,4,DD5FB154-0787-4B0F-8554-C033FAFA0155
LGA,KLGA,Laguardia,NEW YORK,NY,40.77724222222222,-73.87260555555555,20.7,3,7002,2,E866CAA3-781C-4162-8C31-D16CC9E3E92E
IAG,KIAG,Niagara Falls Intl,NIAGARA FALLS,NY,43.10841444444445,-78.94619611111112,592.3,2,9826,1,5D681D3E-968F-4C7D-844F-A2621971F9AB
PBG,KPBG,Plattsburgh Intl,PLATTSBURGH,NY,44.65094444444444,-73.46813888888889,234.2,1,11759,1,3DA73348-B79B-4144-8A5E-A915D2B5499A
SYR,KSYR,Syracuse Hancock Intl,SYRACUSE,NY,43.11118138888889,-76.10632055555556,421.1,2,9013,2,E02868CF-B419-4481-B27F-C23D4AFBA395
ART,KART,Watertown Intl,WATERTOWN,NY,43.99183333333333,-76.01941666666667,330.8,2,7001,1,CAB249D6-B2CF-49BB-92C4-99027131E030
FOK,KFOK,Francis S Gabreski,WESTHAMPTON BEACH,NY,40.84361861111111,-72.63181194444444,66.1,3,9002,1,D761087A-BFF9-40A4-91AD-4A1DF53A6836
ROC,KROC,Frederick Douglass/Greater Rochester Intl,ROCHESTER,NY,43.11914361111111,-77.6718688888889,558.9,3,8001,1,89204BC8-EA63-4443-B54D-3E13DF78101D
RME,KRME,Griffiss Intl,ROME,NY,43.23379944444444,-75.40702583333334,504.0,1,11820,1,A2773CC5-4553-475F-B2C8-E1AC400EAF84
SCH,KSCH,Schenectady County,SCHENECTADY,NY,42.852718333333335,-73.92956444444445,377.9,2,7001,1,27AE2E4D-3D7E-43B5-BEDD-A16E2446E5C4
B04,,Garnseys,SCHUYLERVILLE,NY,43.06764305555556,-73.58384027777777,100.0,2,9999,1,75EE9BFB-BAAA-4526-84F2-F82F6C2AD759
CAK,KCAK,Akron-Canton Rgnl,AKRON,OH,40.915055555555554,-81.4436388888889,1225.5,2,8204,2,F4C6AD3C-85B3-4FB1-BF9D-7BA46800BDD4
LCK,KLCK,Rickenbacker Intl,COLUMBUS,OH,39.813787,-82.92781372222223,743.9,3,12103,2,96BE047C-36B3-402F-A24D-1D954A15E2E6
CMH,KCMH,John Glenn Columbus Intl,COLUMBUS,OH,39.996946666666666,-82.89215916666667,815.0,2,10114,2,91656269-4127-4F99-80A5-15A205E71134
CLE,KCLE,Cleveland-Hopkins Intl,CLEVELAND,OH,41.40940694444444,-81.85469111111111,799.5,3,9953,2,2A962A82-442A-4A82-9535-214B1B978E2E
DAY,KDAY,James M Cox Dayton Intl,DAYTON,OH,39.902252222222224,-84.21941222222222,1009.1,3,10901,3,47C23BAA-9E60-4B22-B8E3-F260373F79BA
MFD,KMFD,Mansfield Lahm Rgnl,MANSFIELD,OH,40.82141666666667,-82.51663888888889,1297.0,2,9001,1,9D142D98-2A28-41E8-AA2D-06D41A53FCC4
SGH,KSGH,Springfield/Beckley Muni,SPRINGFIELD,OH,39.84027777777778,-83.84016666666666,1051.3,2,9010,1,DC8C84D9-824A-4DD8-864D-D29917D73115
TOL,KTOL,Eugene F Kranz Toledo Express,TOLEDO,OH,41.58681666666667,-83.80782666666667,683.9,2,10600,1,F217CCBC-5F1C-4905-9EE8-CCB82259CE68
ILN,KILN,Wilmington Air Park,WILMINGTON,OH,39.42791666666666,-83.79211111111111,1076.7,2,10701,2,65CD09BA-0B23-4074-A3C4-D7B94EF4ADD3
YNG,KYNG,Youngstown/Warren Rgnl,YOUNGSTOWN/WARREN,OH,41.26158972222222,-80.6803663888889,1191.5,3,9003,1,B3F2371D-A57C-4CEF-A8B8-129214437CD2
ADM,KADM,Ardmore Muni,ARDMORE,OK,34.30387344444444,-97.02059738888889,776.7,2,9002,1,DD3FCA62-082D-4947-9906-BC1B869AF94C
MKO,KMKO,Muskogee-Davis Rgnl,MUSKOGEE,OK,35.65775,-95.36163888888888,611.5,3,7202,1,BA982C7F-F767-40F7-9BFE-E488C8942BD3
CSM,KCSM,Clinton/Sherman,BURNS FLAT,OK,35.33983916666667,-99.20049944444445,1922.1,2,13503,1,ED4FF031-77B5-472A-BD99-08825F00B4D9
WDG,KWDG,Enid Woodring Rgnl,ENID,OK,36.37595555555556,-97.78942277777777,1167.2,2,8613,1,183DFC80-64D9-46B3-9005-9B69692C2240
LAW,KLAW,Lawton-Fort Sill Rgnl,LAWTON,OK,34.56771444444445,-98.41663666666668,1110.3,1,8599,1,6160208C-3B43-4CD2-A293-39D0E9CAE52D
OKC,KOKC,OKC Will Rogers Intl,OKLAHOMA CITY,OK,35.393072777777775,-97.60076555555555,1295.5,4,9802,3,43959DC9-0966-4841-A6F7-B8A784242500
PWA,KPWA,Wiley Post,OKLAHOMA CITY,OK,35.53400991666666,-97.64694744444445,1299.6,3,7199,1,A6A3C813-E249-44E8-9829-354AC1360272
PNC,KPNC,Ponca City Rgnl,PONCA CITY,OK,36.73195472222223,-97.09978222222222,1008.6,1,7201,1,48D84549-42BD-48A7-9A50-CE4BED4EDD0A
TUL,KTUL,Tulsa Intl,TULSA,OK,36.19839333333333,-95.88810527777778,677.8,3,10000,2,68E20291-FCD0-46C3-91B3-4A0B3CCA9D82
SWO,KSWO,Stillwater Rgnl,STILLWATER,OK,36.161389444444445,-97.08589333333333,1000.3,2,7401,1,FBECA4C2-2447-4D26-8CBF-4FF63CDB6BD5
LMT,KLMT,Crater Lake/Klamath Rgnl,KLAMATH FALLS,OR,42.15614305555555,-121.733365,4095.4,2,10302,1,DE9A943E-2672-4EEB-8C3A-4F3C72B18B03
MFR,KMFR,Rogue Valley Intl/Medford,MEDFORD,OR,42.374964722222224,-122.87328749999999,1335.3,1,8800,1,9B55A7F0-9618-49A8-8EC1-D3ABB0DB8F04
RDM,KRDM,Roberts Fld,REDMOND,OR,44.25406888888889,-121.1499713888889,3081.5,3,7038,2,FF4845C1-C954-433B-957A-0133A91C7953
EUG,KEUG,Mahlon Sweet Fld,EUGENE,OR,44.124583333333334,-123.21197222222223,373.7,2,8009,1,F69FF4DE-0F5F-4658-B4D1-7E6F7B44888D
PDX,KPDX,Portland Intl,PORTLAND,OR,45.588708861111115,-122.59686941666666,30.8,3,11000,2,3B44B4F3-705A-4A4D-AEBC-19BAF63DA508
ABE,KABE,Lehigh Valley Intl,ALLENTOWN,PA,40.652362777777775,-75.44040583333334,393.7,2,7599,1,2FDD3F64-8247-4330-B6C8-DA8901A15A82
ERI,KERI,Erie Intl/Tom Ridge Fld,ERIE,PA,42.083083333333335,-80.17394444444444,732.1,2,8420,1,06A9CA3C-B00C-42EF-9EB3-7FB5D52FBD1E
MDT,KMDT,Harrisburg Intl,HARRISBURG,PA,40.193191666666664,-76.76261916666667,310.0,1,10001,1,E97F00B3-9377-4E45-8FD9-4EC5B76DBD2A
JST,KJST,John Murtha Johnstown/Cambria County,JOHNSTOWN,PA,40.315555555555555,-78.83466666666666,2284.2,2,7004,1,D00A664C-57FE-4F57-A956-BFFEF8283FB1
LBE,KLBE,Arnold Palmer Rgnl,LATROBE,PA,40.2731005,-79.41032555555556,1198.7,1,8222,1,EB610171-9867-4087-B3AF-091561644555
PHL,KPHL,Philadelphia Intl,PHILADELPHIA,PA,39.87208388888889,-75.24066305555556,35.9,4,12000,2,43D58CEC-68DC-44C1-A241-0A33C0F29415
PNE,KPNE,Northeast Philadelphia,PHILADELPHIA,PA,40.08193833333333,-75.01057777777778,119.8,2,7000,1,2AEAD4CA-C441-49F4-B581-9D78730705C4
PIT,KPIT,Pittsburgh Intl,PITTSBURGH,PA,40.491416666666666,-80.23269444444445,1202.9,4,11500,4,5299275F-0A25-470C-BA0F-9531DCD9727B
AVP,KAVP,Wilkes-Barre/Scranton Intl,WILKES-BARRE/SCRANTON,PA,41.33847222222222,-75.72338888888889,961.7,2,7502,1,0C89BF21-1076-4434-BB39-DC1226552D1E
PVD,KPVD,Rhode Island TF Green Intl,PROVIDENCE,RI,41.72233333333334,-71.42772222222223,54.0,2,8700,1,3F706D32-8D17-40DB-8A06-71C13F2158F1
CAE,KCAE,Columbia Metro,COLUMBIA,SC,33.93883805555555,-81.11953555555554,235.9,3,8601,2,D8F069D9-DBC1-4921-B541-CC2D52F73AAD
OQU,KOQU,Quonset State,NORTH KINGSTOWN,RI,41.5974075,-71.41240944444445,18.3,4,7000,1,1BB41A65-5DF9-45E8-9EB1-AFECBBC0756E
CHS,KCHS,Charleston AFB/Intl,CHARLESTON,SC,32.89863888888889,-80.04052777777778,46.0,2,9001,2,23070648-7D86-4732-944B-870531F0FA64
GYH,KGYH,Donaldson Fld,GREENVILLE,SC,34.758312777777775,-82.37641388888888,955.9,1,8000,1,F7DFE523-85CF-4A30-9468-184FCB54ACFE
GSP,KGSP,Greenville Spartanburg Intl,GREER,SC,34.89567111111111,-82.21885944444445,963.6,1,11001,1,B88CFB35-017D-43A3-AA11-F01E274E1956
MYR,KMYR,Myrtle Beach Intl,MYRTLE BEACH,SC,33.679741111111106,-78.92832138888889,25.0,1,9503,1,82A2ABAB-D93E-4F1F-AEBB-52D0FC3D016F
HON,KHON,Huron Rgnl,HURON,SD,44.385194444444444,-98.22855555555556,1288.7,2,7201,1,E92F23E0-BD5C-48AC-A756-439A4D40C45F
RAP,KRAP,Rapid City Rgnl,RAPID CITY,SD,44.04533333333333,-103.0573611111111,3203.5,2,8701,1,6ADCC79A-6E17-4262-B85C-994F2E3F78E0
FSD,KFSD,Joe Foss Fld,SIOUX FALLS,SD,43.58201805555556,-96.74192527777778,1430.0,4,9000,2,F7203F3B-4418-4FAF-BBA0-1B0D43E63093
TRI,KTRI,Tri-Cities,BRISTOL/JOHNSON/KINGSPORT,TN,36.47520888888889,-82.407415,1518.6,2,8000,1,334676A0-1225-41C5-B0F6-345831E7072A
TYS,KTYS,Mc Ghee Tyson,KNOXVILLE,TN,35.81109111111111,-83.99406722222223,986.4,2,10000,2,C59867AC-5AAA-42FA-A514-A40F7621E67E
NQA,KNQA,Millington/Memphis,MILLINGTON,TN,35.35663888888889,-89.87043,322.4,1,8001,1,995427B3-C0DF-4944-B88B-C0C44F6CDAB9
CHA,KCHA,Lovell Fld,CHATTANOOGA,TN,35.03519444444444,-85.20355555555555,682.5,2,7400,1,82256D74-7E8D-414E-8CA2-6B7D5168FDAD
MEM,KMEM,Frederick W Smith Intl/Memphis,MEMPHIS,TN,35.04241138888889,-89.97667916666667,340.9,4,11120,4,DA96A371-EB42-4312-8EAF-FA237DE1E404
BNA,KBNA,Nashville Intl,NASHVILLE,TN,36.124475000000004,-86.67818055555556,599.0,4,11030,4,83106390-877E-4523-9894-F6FBD9DEC6EB
MQY,KMQY,Smyrna,SMYRNA,TN,36.00897027777778,-86.52008972222222,543.0,3,8038,1,AE23E72B-7BD8-4BAB-8850-1B5E66760EAD
ABI,KABI,Abilene Rgnl,ABILENE,TX,32.41133333333333,-99.68188888888889,1790.6,2,7208,2,7388ED39-1B18-4423-8D51-4BB4D95314C2
AUS,KAUS,Austin-Bergstrom Intl,AUSTIN,TX,30.194527222222224,-97.66987611111112,541.5,5,12250,2,51009197-7EEE-42C3-AB2E-497FC6EAE28C
AMA,KAMA,Rick Husband Amarillo Intl,AMARILLO,TX,35.21936111111111,-101.70591666666667,3606.7,2,13502,2,F857C61E-08EE-40A7-B902-CEBBC389C21E
LBX,KLBX,Texas Gulf Coast Rgnl,ANGLETON/LAKE JACKSON,TX,29.10863888888889,-95.46208333333334,25.2,1,7000,1,4B6780CD-665E-4A5D-8157-54D9A8387983
TX2,,Chase Fld Industrial,BEEVILLE,TX,28.362444444444446,-97.66191666666667,184.2,1,8000,1,2CBCAC2E-61DB-41EE-AD1F-9AE9078FC142
BPG,KBPG,Big Spring/Mc Mahon-Wrinkle,BIG SPRING,TX,32.21261777777778,-101.52164638888888,2572.8,2,8803,1,28FF2835-0B29-4B85-ADA9-A1F86C6DB52A
BRO,KBRO,Brownsville/South Padre Island Intl,BROWNSVILLE,TX,25.906138888888886,-97.426,22.4,2,7399,1,81BF604E-D78A-4E9A-B23D-0EFEEDF54416
CLL,KCLL,Easterwood Fld,COLLEGE STATION,TX,30.58804188888889,-96.36254444444444,320.6,2,7000,1,9135571C-6793-4D85-ADC2-F0011ACD8B2C
RBD,KRBD,Dallas Exec,DALLAS,TX,32.681305555555554,-96.86877777777777,660.5,2,7136,1,18C8BDB4-18B7-444C-A584-DD4D582B5504
ADS,KADS,Addison,DALLAS,TX,32.96855416666667,-96.83645305555555,644.2,1,7203,1,3646423B-964B-466A-9CE9-3CB43457F772
CRP,KCRP,Corpus Christi Intl,CORPUS CHRISTI,TX,27.772181666666665,-97.50242194444445,46.2,2,7510,1,F3967CE8-F09C-4C96-9525-2EEC908DC9AE
TKI,KTKI,McKinney Ntl,DALLAS,TX,33.17706527777778,-96.58876666666666,588.9,1,7002,1,19BE1828-1717-4C1C-8D93-BC1A507EB0E3
DFW,KDFW,Dallas-Fort Worth Intl,DALLAS-FORT WORTH,TX,32.89723305555555,-97.03769472222223,606.4,7,13401,7,B371E693-B91F-40ED-ABB1-628EFE9D3111
DAL,KDAL,Dallas Love Fld,DALLAS,TX,32.84594472222223,-96.85087666666666,486.9,2,8800,2,48203599-A2E2-467A-BB88-DAC28F3A7FA6
DTO,KDTO,Denton Enterprise,DENTON,TX,33.20196055555556,-97.19909750000001,642.8,2,7002,1,41950E4C-0AA6-494A-BDC8-20EC974EAD96
ELP,KELP,El Paso Intl,EL PASO,TX,31.807333333333332,-106.37636111111111,3961.6,3,12020,2,45A219BE-3302-471B-923C-DBD87DF48B07
FTW,KFTW,Fort Worth Meacham Intl,FORT WORTH,TX,32.81977027777778,-97.36245,710.1,4,7502,1,6173ACCD-C5A0-42B0-AF63-508E59B20B6E
AFW,KAFW,Perot Fld/Fort Worth Alliance,FORT WORTH,TX,32.99030666666667,-97.31942944444444,723.2,2,11125,2,8F919C0A-6FB5-4E2F-8B36-843AA0C58C60
GRK,KGRK,Robert Gray AAF,FORT HOOD (KILLEEN),TX,31.06725,-97.82891666666666,1015.2,4,9997,1,7D9F1E3C-F75D-46F8-8DB7-2F8DF0F016DA
FST,KFST,Fort Stockton-Pecos County,FORT STOCKTON,TX,30.91525,-102.91277777777778,3011.0,5,7508,1,7192F500-3985-4846-929C-ED1FC9CD42A3
GVT,KGVT,Majors,GREENVILLE,TX,33.06783333333334,-96.06533333333333,534.9,1,8030,1,502E43FD-DFC3-4D45-BE75-D53A73F66B92
HRL,KHRL,Valley Intl,HARLINGEN,TX,26.226559444444444,-97.65531194444445,36.3,3,9400,2,354FBBC8-EAC9-46AC-A73E-85DA7F892A08
SGR,KSGR,Sugar Land Rgnl,HOUSTON,TX,29.62224861111111,-95.65653416666667,81.1,1,8000,1,6B73401D-9E20-42B0-8A5D-E78E6F5C41CB
HOU,KHOU,William P Hobby,HOUSTON,TX,29.64579983333333,-95.27723158333333,46.3,3,7602,2,1836AD48-E874-4A76-AF8B-2B469D143973
IAH,KIAH,George Bush Intcntl/Houston,HOUSTON,TX,29.984435277777777,-95.3414425,95.8,5,12001,5,64E25960-75A0-495F-95BF-C92621C6B448
EFD,KEFD,Ellington,HOUSTON,TX,29.607333333333333,-95.15875000000001,32.5,3,9001,2,34334F6C-D9D8-46A6-9F6B-0828C1F43CFA
CXO,KCXO,Conroe/North Houston Rgnl,HOUSTON,TX,30.353395527777778,-95.41508194444445,244.8,2,7501,1,3B7E97A2-AE0E-4064-8E82-8E7FF31BA4C9
DWH,KDWH,David Wayne Hooks Meml,HOUSTON,TX,30.06177911111111,-95.55278841666666,152.4,7,7009,1,E92929AD-0008-4B1A-BB74-9EA5F332AE0B
LRD,KLRD,Laredo Intl,LAREDO,TX,27.544194444444447,-99.46158333333334,508.0,3,8743,2,1059563D-F4C2-4589-9195-6E5CA989AB68
GGG,KGGG,East Texas Rgnl,LONGVIEW,TX,32.384,-94.7115,365.5,2,10000,1,8C0A415B-29B7-4DB2-A9CF-E94493A448F2
LBB,KLBB,Lubbock Preston Smith Intl,LUBBOCK,TX,33.663666666666664,-101.82055555555556,3282.4,3,11500,2,1CE15049-995F-4618-A937-D6660C074817
MFE,KMFE,Mc Allen Intl,MC ALLEN,TX,26.175833333333333,-98.23861111111111,107.2,2,7120,1,DC76FD2E-D916-4C60-BAF6-9DD18D31C12A
MAF,KMAF,Midland Intl Air and Space Port,MIDLAND,TX,31.942527777777777,-102.20191666666668,2872.1,4,9501,2,CFBA3467-F059-4E18-8810-46B422F1D73B
SJT,KSJT,San Angelo Rgnl/Mathis Fld,SAN ANGELO,TX,31.357748333333333,-100.49630416666666,1918.6,3,8054,1,348367BC-9847-4089-B08B-10A5F87AE706
SKF,KSKF,Kelly Fld,SAN ANTONIO,TX,29.384233333333334,-98.58111666666666,690.6,1,11550,1,D5306C46-CDE9-4AB4-9091-A1BF2ECC132A
PIL,KPIL,Cameron County,PORT ISABEL,TX,26.166194444444443,-97.34588888888888,18.6,4,8001,1,B6C08752-9FFE-49B2-B1C7-D964580B6A8E
SAT,KSAT,San Antonio Intl,SAN ANTONIO,TX,29.533958333333334,-98.46905694444445,809.1,3,8505,2,19784DDA-7416-457C-80E6-583E1AB80A66
GYI,KGYI,North Texas Rgnl/Perrin Fld,SHERMAN/DENISON,TX,33.71409027777778,-96.674035,749.3,2,9000,1,B18D3CB0-AF07-423F-9257-6AAB90B59A10
TYR,KTYR,Tyler Pounds Rgnl,TYLER,TX,32.353547222222225,-95.40297777777778,543.9,3,8334,1,5030F042-6461-4111-AE44-E9136796E710
TPL,KTPL,Draughon-Miller Central Texas Rgnl,TEMPLE,TX,31.151900416666667,-97.40766294444445,682.3,2,7000,1,60C49554-B274-402D-8BE2-2AF93BF34DC0
VCT,KVCT,Victoria Rgnl,VICTORIA,TX,28.854205555555556,-96.91873166666667,115.1,3,9111,1,7B179973-B59D-4F5D-AA22-A66FCE096308
ACT,KACT,Waco Rgnl,WACO,TX,31.612194444444444,-97.23030555555556,516.1,2,7107,1,8CB86952-6933-4F02-AF5A-D5079536F1A4
CNW,KCNW,Tstc Waco,WACO,TX,31.637805555555556,-97.07413888888888,470.2,2,8600,1,4A21922F-455C-4522-8E95-3405C513FEA8
SPS,KSPS,Sheppard AFB/Wichita Falls Muni,WICHITA FALLS,TX,33.9888,-98.49190555555556,1019.1,4,13100,3,3C47F11E-E40D-49DA-91D3-EC448A2703D9
CNY,KCNY,Canyonlands Rgnl,MOAB,UT,38.75763083333333,-109.7534625,4579.2,2,7360,1,AFB7CCB6-0107-4B09-8D12-B15206F731CB
PVU,KPVU,Provo Muni,PROVO,UT,40.219166666666666,-111.72336111111112,4496.9,2,8603,1,9C4FDB73-810A-48AF-B01C-02C21D32C2BF
RIF,KRIF,Richfield Muni,RICHFIELD,UT,38.73411111111111,-112.10158333333332,5318.0,1,7100,1,23A1081F-8EE2-4B88-BE49-27D2516E440C
SGU,KSGU,St George Rgnl,ST GEORGE,UT,37.03637805555555,-113.51030277777778,2883.6,1,9300,1,B7987A74-113C-436D-A21A-5A64578E0C3F
BMC,KBMC,Brigham City Rgnl,BRIGHAM CITY,UT,41.55430555555555,-112.06224999999999,4229.9,1,8900,1,017F457C-3DDB-4BC4-99B6-1EC43C11A6C6
BCE,KBCE,Bryce Canyon,BRYCE CANYON,UT,37.706446944444444,-112.14579972222222,7589.9,1,7395,1,BE2C747F-B941-4C98-8DB9-40C6B82196C5
CDC,KCDC,Cedar City Rgnl,CEDAR CITY,UT,37.700970000000005,-113.09885083333333,5622.3,2,8653,1,12C5D13E-204B-4A41-B9F3-BB199F34D1C5
LGU,KLGU,Logan-Cache,LOGAN,UT,41.79177055555555,-111.85164722222221,4456.9,2,9020,1,7116B6E7-FB4D-4CC0-8E77-506799C61179
OGD,KOGD,Ogden-Hinckley,OGDEN,UT,41.19507036111111,-112.01219472222222,4472.5,2,8107,1,068D16B9-2D76-4385-BB34-54DA39193A0E
PUC,KPUC,Carbon County Rgnl/Buck Davis Fld,PRICE,UT,39.61388888888889,-110.75161111111112,5957.6,3,8316,1,ECFC3396-1581-4611-88E2-342496B1384C
SLC,KSLC,Salt Lake City Intl,SALT LAKE CITY,UT,40.78839333333333,-111.97777333333333,4230.9,6,12002,3,CB41ECB2-ADC7-49A5-9C05-81854AFD415C
VEL,KVEL,Vernal Rgnl,VERNAL,UT,40.436077777777776,-109.5114225,5274.2,1,7000,1,BDD9A95B-0050-449E-97C4-21F68787DF09
ENV,KENV,Wendover,WENDOVER,UT,40.71872527777778,-114.02867361111112,4236.7,2,10002,2,40CC5D64-F5AC-47D8-A6A0-707856F6D7D3
PHF,KPHF,Newport News/Williamsburg Intl,NEWPORT NEWS,VA,37.13188888888889,-76.49297222222222,42.2,2,8003,1,C12231B1-4834-4AB0-8D97-C6639F3B1203
ORF,KORF,Norfolk Intl,NORFOLK,VA,36.89460416666667,-76.20122916666666,26.4,2,9001,1,F6AFBAEB-8596-4755-B871-9007F4AF5DB4
RIC,KRIC,Richmond Intl,RICHMOND,VA,37.50518111111111,-77.3197386111111,167.5,2,9003,1,69E61D8F-915F-4B1D-9666-6338F1F19CD9
LYH,KLYH,Lynchburg Rgnl/Preston Glenn Fld,LYNCHBURG,VA,37.325388888888895,-79.20122222222223,938.2,2,7100,1,AE52D22D-3EA9-41EE-826A-0D8A264148E5
BTV,KBTV,Patrick Leahy Burlington Intl,BURLINGTON,VT,44.471955,-73.15327611111111,334.6,2,8319,1,1642AADF-929B-478E-9026-610124C6D68D
MWH,KMWH,Grant County Intl,MOSES LAKE,WA,47.20858333333334,-119.31913888888889,1188.6,7,13503,2,49277B3A-D818-4E3D-A6AD-73EDAF5AAF2F
PAE,KPAE,Seattle Paine Fld Intl,EVERETT,WA,47.90731805555556,-122.2820938888889,606.9,2,9010,1,32EB01A7-F6A3-4C0F-8238-D92BB8F2B019
PSC,KPSC,Tri-Cities,PASCO,WA,46.26494833333334,-119.1194,410.3,3,7707,2,462AA8E4-0817-43FF-BEB3-D6C773AA08AA
PUW,KPUW,Pullman/Moscow Rgnl,PULLMAN/MOSCOW,WA,46.74169138888889,-117.11161916666666,2566.6,1,7100,1,F0ED1C54-A4B3-4B96-B295-937C89403C7B
BFI,KBFI,Boeing Fld/King County Intl,SEATTLE,WA,47.52997222222222,-122.30194444444444,21.6,2,10007,1,059DA895-D748-4B41-B3FB-237797CEBE75
GEG,KGEG,Spokane Intl,SPOKANE,WA,47.61902777777778,-117.53522222222222,2385.0,2,11002,2,DD6A7C86-3A7B-4074-A841-54670AB26186
EAT,KEAT,Pangborn Meml,WENATCHEE,WA,47.398805555555555,-120.20683333333334,1248.9,1,7000,1,42844049-CAD5-4B8F-BE6C-7A640EC84517
SEA,KSEA,Seattle-Tacoma Intl,SEATTLE,WA,47.449888888888886,-122.31177777777778,432.3,3,11901,3,5338FBAA-B183-4BC0-B3F1-27ABF6D1AD7C
YKM,KYKM,Yakima Air Trml/McAllister Fld,YAKIMA,WA,46.56816722222223,-120.5440625,1098.8,2,7604,1,75418855-E13A-4572-A5F8-10B5AEE8A31A
ATW,KATW,Appleton Intl,APPLETON,WI,44.258093055555555,-88.51907222222222,918.0,2,8003,1,EEEFD337-BC1F-4BF6-9AE1-9E1D09FAABD4
EAU,KEAU,Chippewa Valley Rgnl,EAU CLAIRE,WI,44.86580555555555,-91.48425,913.1,2,8101,1,F0EBF5B3-08F5-4759-9C8F-470602700F52
GRB,KGRB,Green Bay/Austin Straubel Intl,GREEN BAY,WI,44.484633611111114,-88.12971333333333,695.1,2,8700,2,84BA9FED-98A7-4C05-9C27-AB738137414D
JVL,KJVL,Southern Wisconsin Rgnl,JANESVILLE,WI,42.62025277777778,-89.04156694444444,807.8,3,7302,1,D694E2E2-903F-445F-886C-529767FE2D76
LSE,KLSE,La Crosse Rgnl,LA CROSSE,WI,43.87926566666667,-91.25663361111111,655.4,3,8742,1,1BF47BB7-8C8F-49AB-A748-219FE95891EB
CWA,KCWA,Central Wisconsin,MOSINEE,WI,44.77778333333333,-89.66591111111111,1277.3,2,7724,1,0DD901CD-94E0-433B-BC05-09C677EF8D96
MSN,KMSN,Dane County Rgnl/Truax Fld,MADISON,WI,43.13987913888889,-89.33750447222222,886.6,3,9006,2,5D4B0854-E494-455C-8D13-57A663F5C29D
MKE,KMKE,General Mitchell Intl,MILWAUKEE,WI,42.946931944444444,-87.89706444444445,728.4,5,9990,2,1050EB1A-2F00-4552-822E-22DAFB9B7F76
OSH,KOSH,Wittman Rgnl,OSHKOSH,WI,43.98437083333334,-88.5570425,808.5,4,8002,1,2003DCD3-C002-449E-8EF3-1C5A08B2C47C
EZS,KEZS,Shawano Muni,SHAWANO,WI,44.787305833333335,-88.5600125,813.1,3,12000,1,98506F3C-9D55-4768-B3AA-2A82BF46FE00
LWB,KLWB,Greenbrier Valley,LEWISBURG,WV,37.85830666666667,-80.3994825,2301.6,1,7003,1,FE1AA46F-3027-4755-A859-62BBFE9C1BF2
MRB,KMRB,Eastern Wv Rgnl/Shepherd Fld,MARTINSBURG,WV,39.40235777777777,-77.983,564.8,1,8815,1,8B7584DF-9EEE-4944-8BB3-B1C454C9CDA3
PKB,KPKB,Mid-Ohio Valley Rgnl,PARKERSBURG,WV,39.34496194444445,-81.43929305555555,858.5,2,7240,1,E1F951CE-41C3-468A-89A2-1139A06F2ACA
AUW,KAUW,Wausau Downtown,WAUSAU,WI,44.926284527777774,-89.62700174999999,1201.0,3,8000,1,704A8A9E-F637-4376-9B17-E88A5A4AFE06
CKB,KCKB,North Central West Virginia,CLARKSBURG,WV,39.29765472222222,-80.22753194444445,1223.5,2,7800,1,0F1C6BCC-3C38-417B-892C-A423B85CE57D
HTS,KHTS,Tri-State/Milton J Ferguson Fld,HUNTINGTON,WV,38.36850780555556,-82.56036022222222,828.3,1,7017,1,29685BAA-4AFC-4CC6-AF6D-631E5DE63E14
AFO,KAFO,Afton Lincoln County/General Boyd L Eddins Fld,AFTON,WY,42.70877055555556,-110.94217111111111,6220.9,1,7025,1,439CB855-1C00-4869-BA68-11BA39D31078
CPR,KCPR,Casper/Natrona County Intl,CASPER,WY,42.90587472222222,-106.46364861111111,5344.0,2,10165,2,911AE2D7-3FB5-46A0-94EB-813B41FBFDE1
CYS,KCYS,Cheyenne Rgnl/Jerry Olson Fld,CHEYENNE,WY,41.15563888888889,-104.81047222222222,6159.9,2,9270,1,C664BE98-2E23-44FA-8A95-DDFC6027742C
COD,KCOD,Yellowstone Rgnl,CODY,WY,44.52019444444444,-109.02381277777778,5102.3,1,8268,1,B111DEA6-24BD-4FEF-8EB4-656F5B30D63B
EVW,KEVW,Evanston-Uinta County Burns Fld,EVANSTON,WY,41.274791111111114,-111.03463055555555,7142.7,1,7300,1,B363E948-5F47-442D-9BD9-06A43E19DD6C
GCC,KGCC,Northeast Wyoming Rgnl,GILLETTE,WY,44.348908055555555,-105.5393675,4365.1,2,7501,1,B2AF1481-210A-4948-98B5-23A46E4C18AC
EMM,KEMM,Kemmerer Muni,KEMMERER,WY,41.824083333333334,-110.55694444444444,7288.7,3,8203,1,2EC7349C-030B-4572-BAF6-24337860EBBB
LAR,KLAR,Laramie Rgnl,LARAMIE,WY,41.31205722222222,-105.67498555555557,7283.7,2,8503,1,36879E51-5AD0-4F60-81A2-EBD552F5E8E4
RIW,KRIW,Central Wyoming Rgnl,RIVERTON,WY,43.06423833333333,-108.45984083333333,5516.0,2,8204,1,E1C1C9F9-1B1A-4213-A68A-468701526BA9
RKS,KRKS,Southwest Wyoming Rgnl,ROCK SPRINGS,WY,41.59421777777778,-109.06519861111111,6764.6,2,10002,1,5BB785B9-7552-40F6-A140-D2FC4065194F
SAA,KSAA,Shively Fld,SARATOGA,WY,41.443527777777774,-106.82752777777777,7014.2,1,8801,1,4264F999-02AE-4381-932C-309A5A4C1E65
SHR,KSHR,Sheridan County,SHERIDAN,WY,44.769194444444445,-106.98027777777779,4021.1,2,8301,1,7A2D6BCF-E362-4EB3-87D5-33A89C1BCED5
WRL,KWRL,Worland Muni,WORLAND,WY,43.96288888888889,-107.95052777777778,4251.7,3,7000,1,0827C52C-4F72-4D98-B4BD-A01749B0E957
DWX,KDWX,Dixon,DIXON,WY,41.03744138888889,-107.49252805555555,6548.9,1,7000,1,4B9C2D49-D8D9-41D5-AB86-5EFB22A1BEC4
GEY,KGEY,South Big Horn County,GREYBULL,WY,44.517944444444446,-108.083,3941.8,2,7003,1,740F7D5F-2C16-4362-BC29-743745CE7C0C
PNA,KPNA,Ralph Wenz Fld,PINEDALE,WY,42.79738888888889,-109.81102777777778,7096.2,1,8900,1,B4F91F13-A721-4338-B944-8619B74970AD
RWL,KRWL,Rawlins Muni/Harvey Fld,RAWLINS,WY,41.80572222222222,-107.20033333333333,6816.7,2,7008,1,8B8F21AC-11F6-4DDD-B345-A0360DB8AF2D
XWA,KXWA,Williston Basin Intl,WILLISTON,ND,48.25978361111111,-103.75055666666667,2356.0,2,7503,1,9F8B1438-87DA-4C26-A690-3E92AA118EDF
ALN,KALN,St Louis Rgnl,ALTON/ST LOUIS,IL,38.889916666666664,-90.04599999999999,543.5,2,8099,1,9540772E-E618-4899-B25B-B55FB51BEA66
